fitment_vehicle_name,fitment_vehicle_handle,fitment_vehicle_gid,metaobject_type,aliases,updated_at,year,make,engine_liter,engine_family,engine_code,fields_json
1982 Chevrolet 6.2L Detroit,1982-chevrolet-6-2l-detroit,gid://shopify/Metaobject/279918018925,fitment_vehicle,,2026-01-31T01:11:12Z,1982,chevrolet,6.2L,,,"{""year"": ""1982"", ""make"": ""Chevrolet"", ""model"": """", ""engine"": ""6.2L Detroit"", ""display_name"": ""1982 Chevrolet 6.2L Detroit""}"
1982 GMC 6.2L Detroit,1982-gmc-6-2l-detroit,gid://shopify/Metaobject/279918051693,fitment_vehicle,,2026-01-31T01:11:13Z,1982,gmc,6.2L,,,"{""year"": ""1982"", ""make"": ""GMC"", ""model"": """", ""engine"": ""6.2L Detroit"", ""display_name"": ""1982 GMC 6.2L Detroit""}"
1983 Chevrolet 6.2L Detroit,1983-chevrolet-6-2l-detroit,gid://shopify/Metaobject/279918084461,fitment_vehicle,,2026-01-31T01:11:13Z,1983,chevrolet,6.2L,,,"{""year"": ""1983"", ""make"": ""Chevrolet"", ""model"": """", ""engine"": ""6.2L Detroit"", ""display_name"": ""1983 Chevrolet 6.2L Detroit""}"
1983 Ford 6.9L IDI,1983-ford-6-9l-idi,gid://shopify/Metaobject/279915004269,fitment_vehicle,,2026-01-31T01:10:20Z,1983,ford,6.9L,idi,IDI,"{""year"": ""1983"", ""make"": ""Ford"", ""model"": """", ""engine"": ""6.9L IDI"", ""display_name"": ""1983 Ford 6.9L IDI""}"
1983 GMC 6.2L Detroit,1983-gmc-6-2l-detroit,gid://shopify/Metaobject/279918117229,fitment_vehicle,,2026-01-31T01:11:14Z,1983,gmc,6.2L,,,"{""year"": ""1983"", ""make"": ""GMC"", ""model"": """", ""engine"": ""6.2L Detroit"", ""display_name"": ""1983 GMC 6.2L Detroit""}"
1984 Chevrolet 6.2L Detroit,1984-chevrolet-6-2l-detroit,gid://shopify/Metaobject/279918149997,fitment_vehicle,,2026-01-31T01:11:14Z,1984,chevrolet,6.2L,,,"{""year"": ""1984"", ""make"": ""Chevrolet"", ""model"": """", ""engine"": ""6.2L Detroit"", ""display_name"": ""1984 Chevrolet 6.2L Detroit""}"
1984 Ford 6.9L IDI,1984-ford-6-9l-idi,gid://shopify/Metaobject/279915037037,fitment_vehicle,,2026-01-31T01:10:21Z,1984,ford,6.9L,idi,IDI,"{""year"": ""1984"", ""make"": ""Ford"", ""model"": """", ""engine"": ""6.9L IDI"", ""display_name"": ""1984 Ford 6.9L IDI""}"
1984 GMC 6.2L Detroit,1984-gmc-6-2l-detroit,gid://shopify/Metaobject/279918182765,fitment_vehicle,,2026-01-31T01:11:15Z,1984,gmc,6.2L,,,"{""year"": ""1984"", ""make"": ""GMC"", ""model"": """", ""engine"": ""6.2L Detroit"", ""display_name"": ""1984 GMC 6.2L Detroit""}"
1985 Chevrolet 6.2L Detroit,1985-chevrolet-6-2l-detroit,gid://shopify/Metaobject/279917068653,fitment_vehicle,,2026-01-31T01:10:56Z,1985,chevrolet,6.2L,,,"{""year"": ""1985"", ""make"": ""Chevrolet"", ""model"": """", ""engine"": ""6.2L Detroit"", ""display_name"": ""1985 Chevrolet 6.2L Detroit""}"
1985 Ford 6.9L IDI,1985-ford-6-9l-idi,gid://shopify/Metaobject/279915069805,fitment_vehicle,,2026-01-31T01:10:22Z,1985,ford,6.9L,idi,IDI,"{""year"": ""1985"", ""make"": ""Ford"", ""model"": """", ""engine"": ""6.9L IDI"", ""display_name"": ""1985 Ford 6.9L IDI""}"
1985 GMC 6.2L Detroit,1985-gmc-6-2l-detroit,gid://shopify/Metaobject/279917101421,fitment_vehicle,,2026-01-31T01:10:57Z,1985,gmc,6.2L,,,"{""year"": ""1985"", ""make"": ""GMC"", ""model"": """", ""engine"": ""6.2L Detroit"", ""display_name"": ""1985 GMC 6.2L Detroit""}"
1986 Chevrolet 6.2L Detroit,1986-chevrolet-6-2l-detroit,gid://shopify/Metaobject/279917134189,fitment_vehicle,,2026-01-31T01:10:57Z,1986,chevrolet,6.2L,,,"{""year"": ""1986"", ""make"": ""Chevrolet"", ""model"": """", ""engine"": ""6.2L Detroit"", ""display_name"": ""1986 Chevrolet 6.2L Detroit""}"
1986 Ford 6.9L IDI,1986-ford-6-9l-idi,gid://shopify/Metaobject/279915102573,fitment_vehicle,,2026-01-31T01:10:22Z,1986,ford,6.9L,idi,IDI,"{""year"": ""1986"", ""make"": ""Ford"", ""model"": """", ""engine"": ""6.9L IDI"", ""display_name"": ""1986 Ford 6.9L IDI""}"
1986 GMC 6.2L Detroit,1986-gmc-6-2l-detroit,gid://shopify/Metaobject/279917166957,fitment_vehicle,,2026-01-31T01:10:58Z,1986,gmc,6.2L,,,"{""year"": ""1986"", ""make"": ""GMC"", ""model"": """", ""engine"": ""6.2L Detroit"", ""display_name"": ""1986 GMC 6.2L Detroit""}"
1987 Chevrolet 6.2L Detroit,1987-chevrolet-6-2l-detroit,gid://shopify/Metaobject/279917199725,fitment_vehicle,,2026-01-31T01:10:58Z,1987,chevrolet,6.2L,,,"{""year"": ""1987"", ""make"": ""Chevrolet"", ""model"": """", ""engine"": ""6.2L Detroit"", ""display_name"": ""1987 Chevrolet 6.2L Detroit""}"
1987 Ford 6.9L IDI,1987-ford-6-9l-idi,gid://shopify/Metaobject/279915135341,fitment_vehicle,,2026-01-31T01:10:23Z,1987,ford,6.9L,idi,IDI,"{""year"": ""1987"", ""make"": ""Ford"", ""model"": """", ""engine"": ""6.9L IDI"", ""display_name"": ""1987 Ford 6.9L IDI""}"
1987 GMC 6.2L Detroit,1987-gmc-6-2l-detroit,gid://shopify/Metaobject/279917232493,fitment_vehicle,,2026-01-31T01:10:59Z,1987,gmc,6.2L,,,"{""year"": ""1987"", ""make"": ""GMC"", ""model"": """", ""engine"": ""6.2L Detroit"", ""display_name"": ""1987 GMC 6.2L Detroit""}"
1988 Chevrolet 6.2L Detroit,1988-chevrolet-6-2l-detroit,gid://shopify/Metaobject/279917265261,fitment_vehicle,,2026-01-31T01:10:59Z,1988,chevrolet,6.2L,,,"{""year"": ""1988"", ""make"": ""Chevrolet"", ""model"": """", ""engine"": ""6.2L Detroit"", ""display_name"": ""1988 Chevrolet 6.2L Detroit""}"
1988 Ford 7.3L IDI,1988-ford-7-3l-idi,gid://shopify/Metaobject/279915168109,fitment_vehicle,,2026-01-31T01:10:23Z,1988,ford,7.3L,idi,IDI,"{""year"": ""1988"", ""make"": ""Ford"", ""model"": """", ""engine"": ""7.3L IDI"", ""display_name"": ""1988 Ford 7.3L IDI""}"
1988 GMC 6.2L Detroit,1988-gmc-6-2l-detroit,gid://shopify/Metaobject/279917298029,fitment_vehicle,,2026-01-31T01:11:00Z,1988,gmc,6.2L,,,"{""year"": ""1988"", ""make"": ""GMC"", ""model"": """", ""engine"": ""6.2L Detroit"", ""display_name"": ""1988 GMC 6.2L Detroit""}"
1989 Chevrolet 6.2L Detroit,1989-chevrolet-6-2l-detroit,gid://shopify/Metaobject/279917330797,fitment_vehicle,,2026-01-31T01:11:00Z,1989,chevrolet,6.2L,,,"{""year"": ""1989"", ""make"": ""Chevrolet"", ""model"": """", ""engine"": ""6.2L Detroit"", ""display_name"": ""1989 Chevrolet 6.2L Detroit""}"
1989 Ford 7.3L IDI,1989-ford-7-3l-idi,gid://shopify/Metaobject/279915200877,fitment_vehicle,,2026-01-31T01:10:24Z,1989,ford,7.3L,idi,IDI,"{""year"": ""1989"", ""make"": ""Ford"", ""model"": """", ""engine"": ""7.3L IDI"", ""display_name"": ""1989 Ford 7.3L IDI""}"
1989 GMC 6.2L Detroit,1989-gmc-6-2l-detroit,gid://shopify/Metaobject/279917363565,fitment_vehicle,,2026-01-31T01:11:01Z,1989,gmc,6.2L,,,"{""year"": ""1989"", ""make"": ""GMC"", ""model"": """", ""engine"": ""6.2L Detroit"", ""display_name"": ""1989 GMC 6.2L Detroit""}"
1989 Dodge/Ram 5.9L Cummins,1989-dodge-ram-5-9l-cummins,gid://shopify/Metaobject/279911891309,fitment_vehicle,,2026-01-31T01:09:27Z,1989,ram,5.9L,cummins,,"{""year"": ""1989"", ""make"": ""Dodge/Ram"", ""model"": """", ""engine"": ""5.9L Cummins"", ""display_name"": ""1989 Dodge/Ram 5.9L Cummins""}"
1990 Chevrolet 6.2L Detroit,1990-chevrolet-6-2l-detroit,gid://shopify/Metaobject/279917396333,fitment_vehicle,,2026-01-31T01:11:02Z,1990,chevrolet,6.2L,,,"{""year"": ""1990"", ""make"": ""Chevrolet"", ""model"": """", ""engine"": ""6.2L Detroit"", ""display_name"": ""1990 Chevrolet 6.2L Detroit""}"
1990 Chevrolet 6.5L Detroit,1990-chevrolet-6-5l-detroit,gid://shopify/Metaobject/279920050541,fitment_vehicle,,2026-01-31T01:11:47Z,1990,chevrolet,6.5L,,,"{""year"": ""1990"", ""make"": ""Chevrolet"", ""model"": """", ""engine"": ""6.5L Detroit"", ""display_name"": ""1990 Chevrolet 6.5L Detroit""}"
1990 Ford 7.3L IDI,1990-ford-7-3l-idi,gid://shopify/Metaobject/279915233645,fitment_vehicle,,2026-01-31T01:10:24Z,1990,ford,7.3L,idi,IDI,"{""year"": ""1990"", ""make"": ""Ford"", ""model"": """", ""engine"": ""7.3L IDI"", ""display_name"": ""1990 Ford 7.3L IDI""}"
1990 GMC 6.2L Detroit,1990-gmc-6-2l-detroit,gid://shopify/Metaobject/279917429101,fitment_vehicle,,2026-01-31T01:11:02Z,1990,gmc,6.2L,,,"{""year"": ""1990"", ""make"": ""GMC"", ""model"": """", ""engine"": ""6.2L Detroit"", ""display_name"": ""1990 GMC 6.2L Detroit""}"
1990 GMC 6.5L Detroit,1990-gmc-6-5l-detroit,gid://shopify/Metaobject/279920083309,fitment_vehicle,,2026-01-31T01:11:47Z,1990,gmc,6.5L,,,"{""year"": ""1990"", ""make"": ""GMC"", ""model"": """", ""engine"": ""6.5L Detroit"", ""display_name"": ""1990 GMC 6.5L Detroit""}"
1990 Dodge/Ram 5.9L Cummins,1990-dodge-ram-5-9l-cummins,gid://shopify/Metaobject/279911924077,fitment_vehicle,,2026-01-31T01:09:28Z,1990,ram,5.9L,cummins,,"{""year"": ""1990"", ""make"": ""Dodge/Ram"", ""model"": """", ""engine"": ""5.9L Cummins"", ""display_name"": ""1990 Dodge/Ram 5.9L Cummins""}"
1991 Chevrolet 6.2L Detroit,1991-chevrolet-6-2l-detroit,gid://shopify/Metaobject/279917461869,fitment_vehicle,,2026-01-31T01:11:03Z,1991,chevrolet,6.2L,,,"{""year"": ""1991"", ""make"": ""Chevrolet"", ""model"": """", ""engine"": ""6.2L Detroit"", ""display_name"": ""1991 Chevrolet 6.2L Detroit""}"
1991 Ford 7.3L IDI,1991-ford-7-3l-idi,gid://shopify/Metaobject/279915266413,fitment_vehicle,,2026-01-31T01:10:25Z,1991,ford,7.3L,idi,IDI,"{""year"": ""1991"", ""make"": ""Ford"", ""model"": """", ""engine"": ""7.3L IDI"", ""display_name"": ""1991 Ford 7.3L IDI""}"
1991 GMC 6.2L Detroit,1991-gmc-6-2l-detroit,gid://shopify/Metaobject/279917494637,fitment_vehicle,,2026-01-31T01:11:03Z,1991,gmc,6.2L,,,"{""year"": ""1991"", ""make"": ""GMC"", ""model"": """", ""engine"": ""6.2L Detroit"", ""display_name"": ""1991 GMC 6.2L Detroit""}"
1991 Dodge/Ram 5.9L Cummins,1991-dodge-ram-5-9l-cummins,gid://shopify/Metaobject/279911956845,fitment_vehicle,,2026-01-31T01:09:28Z,1991,ram,5.9L,cummins,,"{""year"": ""1991"", ""make"": ""Dodge/Ram"", ""model"": """", ""engine"": ""5.9L Cummins"", ""display_name"": ""1991 Dodge/Ram 5.9L Cummins""}"
1992 Chevrolet 6.2L Detroit,1992-chevrolet-6-2l-detroit,gid://shopify/Metaobject/279917527405,fitment_vehicle,,2026-01-31T01:11:04Z,1992,chevrolet,6.2L,,,"{""year"": ""1992"", ""make"": ""Chevrolet"", ""model"": """", ""engine"": ""6.2L Detroit"", ""display_name"": ""1992 Chevrolet 6.2L Detroit""}"
1992 Chevrolet 6.5L Detroit,1992-chevrolet-6-5l-detroit,gid://shopify/Metaobject/279915397485,fitment_vehicle,,2026-01-31T01:10:27Z,1992,chevrolet,6.5L,,,"{""year"": ""1992"", ""make"": ""Chevrolet"", ""model"": """", ""engine"": ""6.5L Detroit"", ""display_name"": ""1992 Chevrolet 6.5L Detroit""}"
1992 Ford 7.3L IDI,1992-ford-7-3l-idi,gid://shopify/Metaobject/279915299181,fitment_vehicle,,2026-01-31T01:10:26Z,1992,ford,7.3L,idi,IDI,"{""year"": ""1992"", ""make"": ""Ford"", ""model"": """", ""engine"": ""7.3L IDI"", ""display_name"": ""1992 Ford 7.3L IDI""}"
1992 GMC 6.2L Detroit,1992-gmc-6-2l-detroit,gid://shopify/Metaobject/279917560173,fitment_vehicle,,2026-01-31T01:11:04Z,1992,gmc,6.2L,,,"{""year"": ""1992"", ""make"": ""GMC"", ""model"": """", ""engine"": ""6.2L Detroit"", ""display_name"": ""1992 GMC 6.2L Detroit""}"
1992 GMC 6.5L Detroit,1992-gmc-6-5l-detroit,gid://shopify/Metaobject/279915430253,fitment_vehicle,,2026-01-31T01:10:28Z,1992,gmc,6.5L,,,"{""year"": ""1992"", ""make"": ""GMC"", ""model"": """", ""engine"": ""6.5L Detroit"", ""display_name"": ""1992 GMC 6.5L Detroit""}"
1992 Dodge/Ram 5.9L Cummins,1992-dodge-ram-5-9l-cummins,gid://shopify/Metaobject/279916249453,fitment_vehicle,,2026-01-31T01:10:42Z,1992,ram,5.9L,cummins,,"{""year"": ""1992"", ""make"": ""Dodge/Ram"", ""model"": """", ""engine"": ""5.9L Cummins"", ""display_name"": ""1992 Dodge/Ram 5.9L Cummins""}"
1993 Chevrolet 6.2L Detroit,1993-chevrolet-6-2l-detroit,gid://shopify/Metaobject/279917592941,fitment_vehicle,,2026-01-31T01:11:05Z,1993,chevrolet,6.2L,,,"{""year"": ""1993"", ""make"": ""Chevrolet"", ""model"": """", ""engine"": ""6.2L Detroit"", ""display_name"": ""1993 Chevrolet 6.2L Detroit""}"
1993 Chevrolet 6.5L Detroit,1993-chevrolet-6-5l-detroit,gid://shopify/Metaobject/279915463021,fitment_vehicle,,2026-01-31T01:10:28Z,1993,chevrolet,6.5L,,,"{""year"": ""1993"", ""make"": ""Chevrolet"", ""model"": """", ""engine"": ""6.5L Detroit"", ""display_name"": ""1993 Chevrolet 6.5L Detroit""}"
1993 Ford 7.3L IDI,1993-ford-7-3l-idi,gid://shopify/Metaobject/279915331949,fitment_vehicle,,2026-01-31T01:10:26Z,1993,ford,7.3L,idi,IDI,"{""year"": ""1993"", ""make"": ""Ford"", ""model"": """", ""engine"": ""7.3L IDI"", ""display_name"": ""1993 Ford 7.3L IDI""}"
1993 GMC 6.2L Detroit,1993-gmc-6-2l-detroit,gid://shopify/Metaobject/279917625709,fitment_vehicle,,2026-01-31T01:11:06Z,1993,gmc,6.2L,,,"{""year"": ""1993"", ""make"": ""GMC"", ""model"": """", ""engine"": ""6.2L Detroit"", ""display_name"": ""1993 GMC 6.2L Detroit""}"
1993 GMC 6.5L Detroit,1993-gmc-6-5l-detroit,gid://shopify/Metaobject/279915495789,fitment_vehicle,,2026-01-31T01:10:29Z,1993,gmc,6.5L,,,"{""year"": ""1993"", ""make"": ""GMC"", ""model"": """", ""engine"": ""6.5L Detroit"", ""display_name"": ""1993 GMC 6.5L Detroit""}"
1993 Dodge/Ram 5.9L Cummins,1993-dodge-ram-5-9l-cummins,gid://shopify/Metaobject/279916282221,fitment_vehicle,,2026-01-31T01:10:43Z,1993,ram,5.9L,cummins,,"{""year"": ""1993"", ""make"": ""Dodge/Ram"", ""model"": """", ""engine"": ""5.9L Cummins"", ""display_name"": ""1993 Dodge/Ram 5.9L Cummins""}"
1994 Chevrolet 6.5L Detroit,1994-chevrolet-6-5l-detroit,gid://shopify/Metaobject/279915528557,fitment_vehicle,,2026-01-31T01:10:29Z,1994,chevrolet,6.5L,,,"{""year"": ""1994"", ""make"": ""Chevrolet"", ""model"": """", ""engine"": ""6.5L Detroit"", ""display_name"": ""1994 Chevrolet 6.5L Detroit""}"
1994 Ford 7.3L IDI,1994-ford-7-3l-idi,gid://shopify/Metaobject/279915364717,fitment_vehicle,,2026-01-31T01:10:27Z,1994,ford,7.3L,idi,IDI,"{""year"": ""1994"", ""make"": ""Ford"", ""model"": """", ""engine"": ""7.3L IDI"", ""display_name"": ""1994 Ford 7.3L IDI""}"
1994 Ford 7.3L Powerstroke,1994-ford-7-3l-powerstroke,gid://shopify/Metaobject/279910187373,fitment_vehicle,,2026-01-31T01:08:59Z,1994,ford,7.3L,powerstroke,,"{""year"": ""1994"", ""make"": ""Ford"", ""model"": """", ""engine"": ""7.3L Powerstroke"", ""display_name"": ""1994 Ford 7.3L Powerstroke""}"
1994 GMC 6.5L Detroit,1994-gmc-6-5l-detroit,gid://shopify/Metaobject/279915561325,fitment_vehicle,,2026-01-31T01:10:30Z,1994,gmc,6.5L,,,"{""year"": ""1994"", ""make"": ""GMC"", ""model"": """", ""engine"": ""6.5L Detroit"", ""display_name"": ""1994 GMC 6.5L Detroit""}"
1994 Dodge/Ram 5.9L Cummins,1994-dodge-ram-5-9l-cummins,gid://shopify/Metaobject/279911989613,fitment_vehicle,,2026-01-31T01:09:29Z,1994,ram,5.9L,cummins,,"{""year"": ""1994"", ""make"": ""Dodge/Ram"", ""model"": """", ""engine"": ""5.9L Cummins"", ""display_name"": ""1994 Dodge/Ram 5.9L Cummins""}"
1994 Sprinter 2.7L,1994-sprinter-2-7l,gid://shopify/Metaobject/279918281069,fitment_vehicle,,2026-01-31T01:11:17Z,1994,sprinter,2.7L,,,"{""year"": ""1994"", ""make"": ""Sprinter"", ""model"": """", ""engine"": ""2.7L"", ""display_name"": ""1994 Sprinter 2.7L""}"
1995 Chevrolet 6.5L Detroit,1995-chevrolet-6-5l-detroit,gid://shopify/Metaobject/279915594093,fitment_vehicle,,2026-01-31T01:10:31Z,1995,chevrolet,6.5L,,,"{""year"": ""1995"", ""make"": ""Chevrolet"", ""model"": """", ""engine"": ""6.5L Detroit"", ""display_name"": ""1995 Chevrolet 6.5L Detroit""}"
1995 Ford 7.3L Powerstroke,1995-ford-7-3l-powerstroke,gid://shopify/Metaobject/279910220141,fitment_vehicle,,2026-01-31T01:08:59Z,1995,ford,7.3L,powerstroke,,"{""year"": ""1995"", ""make"": ""Ford"", ""model"": """", ""engine"": ""7.3L Powerstroke"", ""display_name"": ""1995 Ford 7.3L Powerstroke""}"
1995 GMC 6.5L Detroit,1995-gmc-6-5l-detroit,gid://shopify/Metaobject/279915626861,fitment_vehicle,,2026-01-31T01:10:31Z,1995,gmc,6.5L,,,"{""year"": ""1995"", ""make"": ""GMC"", ""model"": """", ""engine"": ""6.5L Detroit"", ""display_name"": ""1995 GMC 6.5L Detroit""}"
1995 Dodge/Ram 5.9L Cummins,1995-dodge-ram-5-9l-cummins,gid://shopify/Metaobject/279912022381,fitment_vehicle,,2026-01-31T01:09:29Z,1995,ram,5.9L,cummins,,"{""year"": ""1995"", ""make"": ""Dodge/Ram"", ""model"": """", ""engine"": ""5.9L Cummins"", ""display_name"": ""1995 Dodge/Ram 5.9L Cummins""}"
1995 Sprinter 2.7L,1995-sprinter-2-7l,gid://shopify/Metaobject/279918313837,fitment_vehicle,,2026-01-31T01:11:17Z,1995,sprinter,2.7L,,,"{""year"": ""1995"", ""make"": ""Sprinter"", ""model"": """", ""engine"": ""2.7L"", ""display_name"": ""1995 Sprinter 2.7L""}"
1996 Chevrolet 6.5L Detroit,1996-chevrolet-6-5l-detroit,gid://shopify/Metaobject/279915659629,fitment_vehicle,,2026-01-31T01:10:32Z,1996,chevrolet,6.5L,,,"{""year"": ""1996"", ""make"": ""Chevrolet"", ""model"": """", ""engine"": ""6.5L Detroit"", ""display_name"": ""1996 Chevrolet 6.5L Detroit""}"
1996 Ford 7.3L Powerstroke,1996-ford-7-3l-powerstroke,gid://shopify/Metaobject/279910252909,fitment_vehicle,,2026-01-31T01:09:00Z,1996,ford,7.3L,powerstroke,,"{""year"": ""1996"", ""make"": ""Ford"", ""model"": """", ""engine"": ""7.3L Powerstroke"", ""display_name"": ""1996 Ford 7.3L Powerstroke""}"
1996 GMC 6.5L Detroit,1996-gmc-6-5l-detroit,gid://shopify/Metaobject/279915692397,fitment_vehicle,,2026-01-31T01:10:32Z,1996,gmc,6.5L,,,"{""year"": ""1996"", ""make"": ""GMC"", ""model"": """", ""engine"": ""6.5L Detroit"", ""display_name"": ""1996 GMC 6.5L Detroit""}"
1996 Dodge/Ram 5.9L Cummins,1996-dodge-ram-5-9l-cummins,gid://shopify/Metaobject/279912055149,fitment_vehicle,,2026-01-31T01:09:30Z,1996,ram,5.9L,cummins,,"{""year"": ""1996"", ""make"": ""Dodge/Ram"", ""model"": """", ""engine"": ""5.9L Cummins"", ""display_name"": ""1996 Dodge/Ram 5.9L Cummins""}"
1996 Sprinter 2.7L,1996-sprinter-2-7l,gid://shopify/Metaobject/279918346605,fitment_vehicle,,2026-01-31T01:11:18Z,1996,sprinter,2.7L,,,"{""year"": ""1996"", ""make"": ""Sprinter"", ""model"": """", ""engine"": ""2.7L"", ""display_name"": ""1996 Sprinter 2.7L""}"
1996 Volkswagen 1.6L TDI,1996-volkswagen-1-6l-tdi,gid://shopify/Metaobject/279916314989,fitment_vehicle,,2026-01-31T01:10:43Z,1996,volkswagen,1.6L,,TDI,"{""year"": ""1996"", ""make"": ""Volkswagen"", ""model"": """", ""engine"": ""1.6L TDI"", ""display_name"": ""1996 Volkswagen 1.6L TDI""}"
1997 Chevrolet 6.5L Detroit,1997-chevrolet-6-5l-detroit,gid://shopify/Metaobject/279915725165,fitment_vehicle,,2026-01-31T01:10:33Z,1997,chevrolet,6.5L,,,"{""year"": ""1997"", ""make"": ""Chevrolet"", ""model"": """", ""engine"": ""6.5L Detroit"", ""display_name"": ""1997 Chevrolet 6.5L Detroit""}"
1997 Ford 7.3L Powerstroke,1997-ford-7-3l-powerstroke,gid://shopify/Metaobject/279910285677,fitment_vehicle,,2026-01-31T01:09:00Z,1997,ford,7.3L,powerstroke,,"{""year"": ""1997"", ""make"": ""Ford"", ""model"": """", ""engine"": ""7.3L Powerstroke"", ""display_name"": ""1997 Ford 7.3L Powerstroke""}"
1997 GMC 6.5L Detroit,1997-gmc-6-5l-detroit,gid://shopify/Metaobject/279915757933,fitment_vehicle,,2026-01-31T01:10:34Z,1997,gmc,6.5L,,,"{""year"": ""1997"", ""make"": ""GMC"", ""model"": """", ""engine"": ""6.5L Detroit"", ""display_name"": ""1997 GMC 6.5L Detroit""}"
1997 Dodge/Ram 5.9L Cummins,1997-dodge-ram-5-9l-cummins,gid://shopify/Metaobject/279912087917,fitment_vehicle,,2026-01-31T01:09:31Z,1997,ram,5.9L,cummins,,"{""year"": ""1997"", ""make"": ""Dodge/Ram"", ""model"": """", ""engine"": ""5.9L Cummins"", ""display_name"": ""1997 Dodge/Ram 5.9L Cummins""}"
1997 Sprinter 2.7L,1997-sprinter-2-7l,gid://shopify/Metaobject/279918379373,fitment_vehicle,,2026-01-31T01:11:19Z,1997,sprinter,2.7L,,,"{""year"": ""1997"", ""make"": ""Sprinter"", ""model"": """", ""engine"": ""2.7L"", ""display_name"": ""1997 Sprinter 2.7L""}"
1997 Volkswagen 1.6L TDI,1997-volkswagen-1-6l-tdi,gid://shopify/Metaobject/279916347757,fitment_vehicle,,2026-01-31T01:10:44Z,1997,volkswagen,1.6L,,TDI,"{""year"": ""1997"", ""make"": ""Volkswagen"", ""model"": """", ""engine"": ""1.6L TDI"", ""display_name"": ""1997 Volkswagen 1.6L TDI""}"
1998 Chevrolet 6.5L Detroit,1998-chevrolet-6-5l-detroit,gid://shopify/Metaobject/279915790701,fitment_vehicle,,2026-01-31T01:10:34Z,1998,chevrolet,6.5L,,,"{""year"": ""1998"", ""make"": ""Chevrolet"", ""model"": """", ""engine"": ""6.5L Detroit"", ""display_name"": ""1998 Chevrolet 6.5L Detroit""}"
1998 GMC 6.5L Detroit,1998-gmc-6-5l-detroit,gid://shopify/Metaobject/279915823469,fitment_vehicle,,2026-01-31T01:10:35Z,1998,gmc,6.5L,,,"{""year"": ""1998"", ""make"": ""GMC"", ""model"": """", ""engine"": ""6.5L Detroit"", ""display_name"": ""1998 GMC 6.5L Detroit""}"
1998 Dodge/Ram 5.9L Cummins,1998-dodge-ram-5-9l-cummins,gid://shopify/Metaobject/279912120685,fitment_vehicle,,2026-01-31T01:09:31Z,1998,ram,5.9L,cummins,,"{""year"": ""1998"", ""make"": ""Dodge/Ram"", ""model"": """", ""engine"": ""5.9L Cummins"", ""display_name"": ""1998 Dodge/Ram 5.9L Cummins""}"
1998.5 Dodge/Ram 5.9L Cummins,1998-5-dodge-ram-5-9l-cummins,gid://shopify/Metaobject/279911432557,fitment_vehicle,,2026-01-31T01:09:19Z,1998,ram,5.9L,cummins,,"{""year"": ""1998.5"", ""make"": ""Dodge/Ram"", ""model"": """", ""engine"": ""5.9L Cummins"", ""display_name"": ""1998.5 Dodge/Ram 5.9L Cummins""}"
1998 Sprinter 2.7L,1998-sprinter-2-7l,gid://shopify/Metaobject/279918412141,fitment_vehicle,,2026-01-31T01:11:19Z,1998,sprinter,2.7L,,,"{""year"": ""1998"", ""make"": ""Sprinter"", ""model"": """", ""engine"": ""2.7L"", ""display_name"": ""1998 Sprinter 2.7L""}"
1998 Volkswagen 1.6L TDI,1998-volkswagen-1-6l-tdi,gid://shopify/Metaobject/279916380525,fitment_vehicle,,2026-01-31T01:10:44Z,1998,volkswagen,1.6L,,TDI,"{""year"": ""1998"", ""make"": ""Volkswagen"", ""model"": """", ""engine"": ""1.6L TDI"", ""display_name"": ""1998 Volkswagen 1.6L TDI""}"
1999 Chevrolet 6.5L Detroit,1999-chevrolet-6-5l-detroit,gid://shopify/Metaobject/279915856237,fitment_vehicle,,2026-01-31T01:10:35Z,1999,chevrolet,6.5L,,,"{""year"": ""1999"", ""make"": ""Chevrolet"", ""model"": """", ""engine"": ""6.5L Detroit"", ""display_name"": ""1999 Chevrolet 6.5L Detroit""}"
1999 Ford 7.3L Powerstroke,1999-ford-7-3l-powerstroke,gid://shopify/Metaobject/279913890157,fitment_vehicle,,2026-01-31T01:10:01Z,1999,ford,7.3L,powerstroke,,"{""year"": ""1999"", ""make"": ""Ford"", ""model"": """", ""engine"": ""7.3L Powerstroke"", ""display_name"": ""1999 Ford 7.3L Powerstroke""}"
1999 GMC 6.5L Detroit,1999-gmc-6-5l-detroit,gid://shopify/Metaobject/279915889005,fitment_vehicle,,2026-01-31T01:10:36Z,1999,gmc,6.5L,,,"{""year"": ""1999"", ""make"": ""GMC"", ""model"": """", ""engine"": ""6.5L Detroit"", ""display_name"": ""1999 GMC 6.5L Detroit""}"
1999 Dodge/Ram 5.9L Cummins,1999-dodge-ram-5-9l-cummins,gid://shopify/Metaobject/279911465325,fitment_vehicle,,2026-01-31T01:09:20Z,1999,ram,5.9L,cummins,,"{""year"": ""1999"", ""make"": ""Dodge/Ram"", ""model"": """", ""engine"": ""5.9L Cummins"", ""display_name"": ""1999 Dodge/Ram 5.9L Cummins""}"
1999 Sprinter 2.7L,1999-sprinter-2-7l,gid://shopify/Metaobject/279918444909,fitment_vehicle,,2026-01-31T01:11:20Z,1999,sprinter,2.7L,,,"{""year"": ""1999"", ""make"": ""Sprinter"", ""model"": """", ""engine"": ""2.7L"", ""display_name"": ""1999 Sprinter 2.7L""}"
1999 Volkswagen 1.6L TDI,1999-volkswagen-1-6l-tdi,gid://shopify/Metaobject/279916413293,fitment_vehicle,,2026-01-31T01:10:45Z,1999,volkswagen,1.6L,,TDI,"{""year"": ""1999"", ""make"": ""Volkswagen"", ""model"": """", ""engine"": ""1.6L TDI"", ""display_name"": ""1999 Volkswagen 1.6L TDI""}"
2000 Chevrolet 6.5L Detroit,2000-chevrolet-6-5l-detroit,gid://shopify/Metaobject/279915921773,fitment_vehicle,,2026-01-31T01:10:36Z,2000,chevrolet,6.5L,,,"{""year"": ""2000"", ""make"": ""Chevrolet"", ""model"": """", ""engine"": ""6.5L Detroit"", ""display_name"": ""2000 Chevrolet 6.5L Detroit""}"
2000 Ford 7.3L Powerstroke,2000-ford-7-3l-powerstroke,gid://shopify/Metaobject/279913922925,fitment_vehicle,,2026-01-31T01:10:02Z,2000,ford,7.3L,powerstroke,,"{""year"": ""2000"", ""make"": ""Ford"", ""model"": """", ""engine"": ""7.3L Powerstroke"", ""display_name"": ""2000 Ford 7.3L Powerstroke""}"
2000 GMC 6.5L Detroit,2000-gmc-6-5l-detroit,gid://shopify/Metaobject/279915954541,fitment_vehicle,,2026-01-31T01:10:37Z,2000,gmc,6.5L,,,"{""year"": ""2000"", ""make"": ""GMC"", ""model"": """", ""engine"": ""6.5L Detroit"", ""display_name"": ""2000 GMC 6.5L Detroit""}"
2000 Dodge/Ram 5.9L Cummins,2000-dodge-ram-5-9l-cummins,gid://shopify/Metaobject/279911498093,fitment_vehicle,,2026-01-31T01:09:21Z,2000,ram,5.9L,cummins,,"{""year"": ""2000"", ""make"": ""Dodge/Ram"", ""model"": """", ""engine"": ""5.9L Cummins"", ""display_name"": ""2000 Dodge/Ram 5.9L Cummins""}"
2000 Sprinter 2.7L,2000-sprinter-2-7l,gid://shopify/Metaobject/279917691245,fitment_vehicle,,2026-01-31T01:11:07Z,2000,sprinter,2.7L,,,"{""year"": ""2000"", ""make"": ""Sprinter"", ""model"": """", ""engine"": ""2.7L"", ""display_name"": ""2000 Sprinter 2.7L""}"
2000 Volkswagen 1.6L TDI,2000-volkswagen-1-6l-tdi,gid://shopify/Metaobject/279916020077,fitment_vehicle,,2026-01-31T01:10:38Z,2000,volkswagen,1.6L,,TDI,"{""year"": ""2000"", ""make"": ""Volkswagen"", ""model"": """", ""engine"": ""1.6L TDI"", ""display_name"": ""2000 Volkswagen 1.6L TDI""}"
2001 Chevrolet 6.6L Duramax LB7,2001-chevrolet-6-6l-duramax-lb7,gid://shopify/Metaobject/279910875501,fitment_vehicle,,2026-01-31T01:09:10Z,2001,chevrolet,6.6L,duramax,LB7,"{""year"": ""2001"", ""make"": ""Chevrolet"", ""model"": """", ""engine"": ""6.6L Duramax LB7"", ""display_name"": ""2001 Chevrolet 6.6L Duramax LB7""}"
2001 Ford 7.3L Powerstroke,2001-ford-7-3l-powerstroke,gid://shopify/Metaobject/279913955693,fitment_vehicle,,2026-01-31T01:10:02Z,2001,ford,7.3L,powerstroke,,"{""year"": ""2001"", ""make"": ""Ford"", ""model"": """", ""engine"": ""7.3L Powerstroke"", ""display_name"": ""2001 Ford 7.3L Powerstroke""}"
2001 GMC 6.6L Duramax LB7,2001-gmc-6-6l-duramax-lb7,gid://shopify/Metaobject/279910908269,fitment_vehicle,,2026-01-31T01:09:10Z,2001,gmc,6.6L,duramax,LB7,"{""year"": ""2001"", ""make"": ""GMC"", ""model"": """", ""engine"": ""6.6L Duramax LB7"", ""display_name"": ""2001 GMC 6.6L Duramax LB7""}"
2001 Dodge/Ram 5.9L Cummins,2001-dodge-ram-5-9l-cummins,gid://shopify/Metaobject/279911530861,fitment_vehicle,,2026-01-31T01:09:21Z,2001,ram,5.9L,cummins,,"{""year"": ""2001"", ""make"": ""Dodge/Ram"", ""model"": """", ""engine"": ""5.9L Cummins"", ""display_name"": ""2001 Dodge/Ram 5.9L Cummins""}"
2001 Sprinter 2.7L,2001-sprinter-2-7l,gid://shopify/Metaobject/279917724013,fitment_vehicle,,2026-01-31T01:11:07Z,2001,sprinter,2.7L,,,"{""year"": ""2001"", ""make"": ""Sprinter"", ""model"": """", ""engine"": ""2.7L"", ""display_name"": ""2001 Sprinter 2.7L""}"
2001 Volkswagen 1.6L TDI,2001-volkswagen-1-6l-tdi,gid://shopify/Metaobject/279916052845,fitment_vehicle,,2026-01-31T01:10:39Z,2001,volkswagen,1.6L,,TDI,"{""year"": ""2001"", ""make"": ""Volkswagen"", ""model"": """", ""engine"": ""1.6L TDI"", ""display_name"": ""2001 Volkswagen 1.6L TDI""}"
2002 Chevrolet 6.6L Duramax LB7,2002-chevrolet-6-6l-duramax-lb7,gid://shopify/Metaobject/279910941037,fitment_vehicle,,2026-01-31T01:09:11Z,2002,chevrolet,6.6L,duramax,LB7,"{""year"": ""2002"", ""make"": ""Chevrolet"", ""model"": """", ""engine"": ""6.6L Duramax LB7"", ""display_name"": ""2002 Chevrolet 6.6L Duramax LB7""}"
2002 Ford 7.3L Powerstroke,2002-ford-7-3l-powerstroke,gid://shopify/Metaobject/279913988461,fitment_vehicle,,2026-01-31T01:10:03Z,2002,ford,7.3L,powerstroke,,"{""year"": ""2002"", ""make"": ""Ford"", ""model"": """", ""engine"": ""7.3L Powerstroke"", ""display_name"": ""2002 Ford 7.3L Powerstroke""}"
2002 GMC 6.6L Duramax LB7,2002-gmc-6-6l-duramax-lb7,gid://shopify/Metaobject/279910973805,fitment_vehicle,,2026-01-31T01:09:11Z,2002,gmc,6.6L,duramax,LB7,"{""year"": ""2002"", ""make"": ""GMC"", ""model"": """", ""engine"": ""6.6L Duramax LB7"", ""display_name"": ""2002 GMC 6.6L Duramax LB7""}"
2002 Dodge/Ram 5.9L Cummins,2002-dodge-ram-5-9l-cummins,gid://shopify/Metaobject/279911563629,fitment_vehicle,,2026-01-31T01:09:22Z,2002,ram,5.9L,cummins,,"{""year"": ""2002"", ""make"": ""Dodge/Ram"", ""model"": """", ""engine"": ""5.9L Cummins"", ""display_name"": ""2002 Dodge/Ram 5.9L Cummins""}"
2002 Sprinter 2.7L,2002-sprinter-2-7l,gid://shopify/Metaobject/279917756781,fitment_vehicle,,2026-01-31T01:11:08Z,2002,sprinter,2.7L,,,"{""year"": ""2002"", ""make"": ""Sprinter"", ""model"": """", ""engine"": ""2.7L"", ""display_name"": ""2002 Sprinter 2.7L""}"
2002 Volkswagen 1.6L TDI,2002-volkswagen-1-6l-tdi,gid://shopify/Metaobject/279916085613,fitment_vehicle,,2026-01-31T01:10:39Z,2002,volkswagen,1.6L,,TDI,"{""year"": ""2002"", ""make"": ""Volkswagen"", ""model"": """", ""engine"": ""1.6L TDI"", ""display_name"": ""2002 Volkswagen 1.6L TDI""}"
2003 Chevrolet 6.6L Duramax LB7,2003-chevrolet-6-6l-duramax-lb7,gid://shopify/Metaobject/279911006573,fitment_vehicle,,2026-01-31T01:09:12Z,2003,chevrolet,6.6L,duramax,LB7,"{""year"": ""2003"", ""make"": ""Chevrolet"", ""model"": """", ""engine"": ""6.6L Duramax LB7"", ""display_name"": ""2003 Chevrolet 6.6L Duramax LB7""}"
2003 Ford 6.0L Powerstroke,2003-ford-6-0l-powerstroke,gid://shopify/Metaobject/279912874349,fitment_vehicle,,2026-01-31T01:09:44Z,2003,ford,6.0L,powerstroke,,"{""year"": ""2003"", ""make"": ""Ford"", ""model"": """", ""engine"": ""6.0L Powerstroke"", ""display_name"": ""2003 Ford 6.0L Powerstroke""}"
2003 Ford 7.3L Powerstroke,2003-ford-7-3l-powerstroke,gid://shopify/Metaobject/279914021229,fitment_vehicle,,2026-01-31T01:10:04Z,2003,ford,7.3L,powerstroke,,"{""year"": ""2003"", ""make"": ""Ford"", ""model"": """", ""engine"": ""7.3L Powerstroke"", ""display_name"": ""2003 Ford 7.3L Powerstroke""}"
2003 GMC 6.6L Duramax LB7,2003-gmc-6-6l-duramax-lb7,gid://shopify/Metaobject/279911039341,fitment_vehicle,,2026-01-31T01:09:12Z,2003,gmc,6.6L,duramax,LB7,"{""year"": ""2003"", ""make"": ""GMC"", ""model"": """", ""engine"": ""6.6L Duramax LB7"", ""display_name"": ""2003 GMC 6.6L Duramax LB7""}"
2003 Dodge/Ram 5.9L Cummins,2003-dodge-ram-5-9l-cummins,gid://shopify/Metaobject/279911596397,fitment_vehicle,,2026-01-31T01:09:22Z,2003,ram,5.9L,cummins,,"{""year"": ""2003"", ""make"": ""Dodge/Ram"", ""model"": """", ""engine"": ""5.9L Cummins"", ""display_name"": ""2003 Dodge/Ram 5.9L Cummins""}"
2003 Sprinter 2.7L,2003-sprinter-2-7l,gid://shopify/Metaobject/279917789549,fitment_vehicle,,2026-01-31T01:11:08Z,2003,sprinter,2.7L,,,"{""year"": ""2003"", ""make"": ""Sprinter"", ""model"": """", ""engine"": ""2.7L"", ""display_name"": ""2003 Sprinter 2.7L""}"
2003 Volkswagen 1.6L TDI,2003-volkswagen-1-6l-tdi,gid://shopify/Metaobject/279916118381,fitment_vehicle,,2026-01-31T01:10:40Z,2003,volkswagen,1.6L,,TDI,"{""year"": ""2003"", ""make"": ""Volkswagen"", ""model"": """", ""engine"": ""1.6L TDI"", ""display_name"": ""2003 Volkswagen 1.6L TDI""}"
2004 Chevrolet 6.6L Duramax LB7,2004-chevrolet-6-6l-duramax-lb7,gid://shopify/Metaobject/279911072109,fitment_vehicle,,2026-01-31T01:09:13Z,2004,chevrolet,6.6L,duramax,LB7,"{""year"": ""2004"", ""make"": ""Chevrolet"", ""model"": """", ""engine"": ""6.6L Duramax LB7"", ""display_name"": ""2004 Chevrolet 6.6L Duramax LB7""}"
2004.5 Chevrolet 6.6L Duramax LLY,2004-5-chevrolet-6-6l-duramax-lly,gid://shopify/Metaobject/279910318445,fitment_vehicle,,2026-01-31T01:09:01Z,2004,chevrolet,6.6L,duramax,LLY,"{""year"": ""2004.5"", ""make"": ""Chevrolet"", ""model"": """", ""engine"": ""6.6L Duramax LLY"", ""display_name"": ""2004.5 Chevrolet 6.6L Duramax LLY""}"
2004 Ford 6.0L Powerstroke,2004-ford-6-0l-powerstroke,gid://shopify/Metaobject/279912907117,fitment_vehicle,,2026-01-31T01:09:45Z,2004,ford,6.0L,powerstroke,,"{""year"": ""2004"", ""make"": ""Ford"", ""model"": """", ""engine"": ""6.0L Powerstroke"", ""display_name"": ""2004 Ford 6.0L Powerstroke""}"
2004 GMC 6.6L Duramax LB7,2004-gmc-6-6l-duramax-lb7,gid://shopify/Metaobject/279911104877,fitment_vehicle,,2026-01-31T01:09:14Z,2004,gmc,6.6L,duramax,LB7,"{""year"": ""2004"", ""make"": ""GMC"", ""model"": """", ""engine"": ""6.6L Duramax LB7"", ""display_name"": ""2004 GMC 6.6L Duramax LB7""}"
2004.5 GMC 6.6L Duramax LLY,2004-5-gmc-6-6l-duramax-lly,gid://shopify/Metaobject/279910351213,fitment_vehicle,,2026-01-31T01:09:01Z,2004,gmc,6.6L,duramax,LLY,"{""year"": ""2004.5"", ""make"": ""GMC"", ""model"": """", ""engine"": ""6.6L Duramax LLY"", ""display_name"": ""2004.5 GMC 6.6L Duramax LLY""}"
2004 Dodge/Ram 5.9L Cummins,2004-dodge-ram-5-9l-cummins,gid://shopify/Metaobject/279911629165,fitment_vehicle,,2026-01-31T01:09:23Z,2004,ram,5.9L,cummins,,"{""year"": ""2004"", ""make"": ""Dodge/Ram"", ""model"": """", ""engine"": ""5.9L Cummins"", ""display_name"": ""2004 Dodge/Ram 5.9L Cummins""}"
2004.5 Dodge/Ram 5.9L Cummins,2004-5-dodge-ram-5-9l-cummins,gid://shopify/Metaobject/279911661933,fitment_vehicle,,2026-01-31T01:09:23Z,2004,ram,5.9L,cummins,,"{""year"": ""2004.5"", ""make"": ""Dodge/Ram"", ""model"": """", ""engine"": ""5.9L Cummins"", ""display_name"": ""2004.5 Dodge/Ram 5.9L Cummins""}"
2004 Sprinter 2.7L,2004-sprinter-2-7l,gid://shopify/Metaobject/279917822317,fitment_vehicle,,2026-01-31T01:11:09Z,2004,sprinter,2.7L,,,"{""year"": ""2004"", ""make"": ""Sprinter"", ""model"": """", ""engine"": ""2.7L"", ""display_name"": ""2004 Sprinter 2.7L""}"
2004 Volkswagen 1.6L TDI,2004-volkswagen-1-6l-tdi,gid://shopify/Metaobject/279916151149,fitment_vehicle,,2026-01-31T01:10:40Z,2004,volkswagen,1.6L,,TDI,"{""year"": ""2004"", ""make"": ""Volkswagen"", ""model"": """", ""engine"": ""1.6L TDI"", ""display_name"": ""2004 Volkswagen 1.6L TDI""}"
2005 Chevrolet 6.6L Duramax LLY,2005-chevrolet-6-6l-duramax-lly,gid://shopify/Metaobject/279910383981,fitment_vehicle,,2026-01-31T01:09:02Z,2005,chevrolet,6.6L,duramax,LLY,"{""year"": ""2005"", ""make"": ""Chevrolet"", ""model"": """", ""engine"": ""6.6L Duramax LLY"", ""display_name"": ""2005 Chevrolet 6.6L Duramax LLY""}"
2005 Ford 6.0L Powerstroke,2005-ford-6-0l-powerstroke,gid://shopify/Metaobject/279912939885,fitment_vehicle,,2026-01-31T01:09:45Z,2005,ford,6.0L,powerstroke,,"{""year"": ""2005"", ""make"": ""Ford"", ""model"": """", ""engine"": ""6.0L Powerstroke"", ""display_name"": ""2005 Ford 6.0L Powerstroke""}"
2005 GMC 6.6L Duramax LLY,2005-gmc-6-6l-duramax-lly,gid://shopify/Metaobject/279910416749,fitment_vehicle,,2026-01-31T01:09:02Z,2005,gmc,6.6L,duramax,LLY,"{""year"": ""2005"", ""make"": ""GMC"", ""model"": """", ""engine"": ""6.6L Duramax LLY"", ""display_name"": ""2005 GMC 6.6L Duramax LLY""}"
2005 Jeep 2.8L CRD Liberty,2005-jeep-2-8l-crd-liberty,gid://shopify/Metaobject/279918215533,fitment_vehicle,,2026-01-31T01:11:16Z,2005,jeep,2.8L,,CRD,"{""year"": ""2005"", ""make"": ""Jeep"", ""model"": """", ""engine"": ""2.8L CRD Liberty"", ""display_name"": ""2005 Jeep 2.8L CRD Liberty""}"
2005 Dodge/Ram 5.9L Cummins,2005-dodge-ram-5-9l-cummins,gid://shopify/Metaobject/279911694701,fitment_vehicle,,2026-01-31T01:09:24Z,2005,ram,5.9L,cummins,,"{""year"": ""2005"", ""make"": ""Dodge/Ram"", ""model"": """", ""engine"": ""5.9L Cummins"", ""display_name"": ""2005 Dodge/Ram 5.9L Cummins""}"
2005 Sprinter 2.7L,2005-sprinter-2-7l,gid://shopify/Metaobject/279917855085,fitment_vehicle,,2026-01-31T01:11:09Z,2005,sprinter,2.7L,,,"{""year"": ""2005"", ""make"": ""Sprinter"", ""model"": """", ""engine"": ""2.7L"", ""display_name"": ""2005 Sprinter 2.7L""}"
2005 Volkswagen 1.6L TDI,2005-volkswagen-1-6l-tdi,gid://shopify/Metaobject/279917658477,fitment_vehicle,,2026-01-31T01:11:06Z,2005,volkswagen,1.6L,,TDI,"{""year"": ""2005"", ""make"": ""Volkswagen"", ""model"": """", ""engine"": ""1.6L TDI"", ""display_name"": ""2005 Volkswagen 1.6L TDI""}"
2006 Chevrolet 6.6L Duramax LLY/LBZ,2006-chevrolet-6-6l-duramax-lly-lbz,gid://shopify/Metaobject/279910482285,fitment_vehicle,,2026-01-31T01:09:03Z,2006,chevrolet,6.6L,duramax,LLY,"{""year"": ""2006"", ""make"": ""Chevrolet"", ""model"": """", ""engine"": ""6.6L Duramax LLY/LBZ"", ""display_name"": ""2006 Chevrolet 6.6L Duramax LLY/LBZ""}"
2006 Ford 6.0L Powerstroke,2006-ford-6-0l-powerstroke,gid://shopify/Metaobject/279912972653,fitment_vehicle,,2026-01-31T01:09:46Z,2006,ford,6.0L,powerstroke,,"{""year"": ""2006"", ""make"": ""Ford"", ""model"": """", ""engine"": ""6.0L Powerstroke"", ""display_name"": ""2006 Ford 6.0L Powerstroke""}"
2006 GMC 6.6L Duramax LLY/LBZ,2006-gmc-6-6l-duramax-lly-lbz,gid://shopify/Metaobject/279910515053,fitment_vehicle,,2026-01-31T01:09:03Z,2006,gmc,6.6L,duramax,LLY,"{""year"": ""2006"", ""make"": ""GMC"", ""model"": """", ""engine"": ""6.6L Duramax LLY/LBZ"", ""display_name"": ""2006 GMC 6.6L Duramax LLY/LBZ""}"
2006 Jeep 2.8L CRD Liberty,2006-jeep-2-8l-crd-liberty,gid://shopify/Metaobject/279918248301,fitment_vehicle,,2026-01-31T01:11:16Z,2006,jeep,2.8L,,CRD,"{""year"": ""2006"", ""make"": ""Jeep"", ""model"": """", ""engine"": ""2.8L CRD Liberty"", ""display_name"": ""2006 Jeep 2.8L CRD Liberty""}"
2006 Dodge/Ram 5.9L Cummins,2006-dodge-ram-5-9l-cummins,gid://shopify/Metaobject/279911727469,fitment_vehicle,,2026-01-31T01:09:24Z,2006,ram,5.9L,cummins,,"{""year"": ""2006"", ""make"": ""Dodge/Ram"", ""model"": """", ""engine"": ""5.9L Cummins"", ""display_name"": ""2006 Dodge/Ram 5.9L Cummins""}"
2006 Sprinter 2.7L,2006-sprinter-2-7l,gid://shopify/Metaobject/279917887853,fitment_vehicle,,2026-01-31T01:11:10Z,2006,sprinter,2.7L,,,"{""year"": ""2006"", ""make"": ""Sprinter"", ""model"": """", ""engine"": ""2.7L"", ""display_name"": ""2006 Sprinter 2.7L""}"
2006 Volkswagen 1.6L TDI,2006-volkswagen-1-6l-tdi,gid://shopify/Metaobject/279917986157,fitment_vehicle,,2026-01-31T01:11:12Z,2006,volkswagen,1.6L,,TDI,"{""year"": ""2006"", ""make"": ""Volkswagen"", ""model"": """", ""engine"": ""1.6L TDI"", ""display_name"": ""2006 Volkswagen 1.6L TDI""}"
2007 Chevrolet 6.6L Duramax LLY/LBZ,2007-chevrolet-6-6l-duramax-lly-lbz,gid://shopify/Metaobject/279910547821,fitment_vehicle,,2026-01-31T01:09:04Z,2007,chevrolet,6.6L,duramax,LLY,"{""year"": ""2007"", ""make"": ""Chevrolet"", ""model"": """", ""engine"": ""6.6L Duramax LLY/LBZ"", ""display_name"": ""2007 Chevrolet 6.6L Duramax LLY/LBZ""}"
2007.5 Chevrolet 6.6L Duramax LMM,2007-5-chevrolet-6-6l-duramax-lmm,gid://shopify/Metaobject/279910613357,fitment_vehicle,,2026-01-31T01:09:05Z,2007,chevrolet,6.6L,duramax,LMM,"{""year"": ""2007.5"", ""make"": ""Chevrolet"", ""model"": """", ""engine"": ""6.6L Duramax LMM"", ""display_name"": ""2007.5 Chevrolet 6.6L Duramax LMM""}"
2007 Ford 6.0L Powerstroke,2007-ford-6-0l-powerstroke,gid://shopify/Metaobject/279913005421,fitment_vehicle,,2026-01-31T01:09:46Z,2007,ford,6.0L,powerstroke,,"{""year"": ""2007"", ""make"": ""Ford"", ""model"": """", ""engine"": ""6.0L Powerstroke"", ""display_name"": ""2007 Ford 6.0L Powerstroke""}"
2007 GMC 6.6L Duramax LLY/LBZ,2007-gmc-6-6l-duramax-lly-lbz,gid://shopify/Metaobject/279910580589,fitment_vehicle,,2026-01-31T01:09:05Z,2007,gmc,6.6L,duramax,LLY,"{""year"": ""2007"", ""make"": ""GMC"", ""model"": """", ""engine"": ""6.6L Duramax LLY/LBZ"", ""display_name"": ""2007 GMC 6.6L Duramax LLY/LBZ""}"
2007.5 GMC 6.6L Duramax LMM,2007-5-gmc-6-6l-duramax-lmm,gid://shopify/Metaobject/279910646125,fitment_vehicle,,2026-01-31T01:09:06Z,2007,gmc,6.6L,duramax,LMM,"{""year"": ""2007.5"", ""make"": ""GMC"", ""model"": """", ""engine"": ""6.6L Duramax LMM"", ""display_name"": ""2007.5 GMC 6.6L Duramax LMM""}"
2007 Dodge/Ram 5.9L Cummins,2007-dodge-ram-5-9l-cummins,gid://shopify/Metaobject/279911760237,fitment_vehicle,,2026-01-31T01:09:25Z,2007,ram,5.9L,cummins,,"{""year"": ""2007"", ""make"": ""Dodge/Ram"", ""model"": """", ""engine"": ""5.9L Cummins"", ""display_name"": ""2007 Dodge/Ram 5.9L Cummins""}"
2007.5 Dodge/Ram 6.7L Cummins,2007-5-dodge-ram-6-7l-cummins,gid://shopify/Metaobject/279911793005,fitment_vehicle,,2026-01-31T01:09:25Z,2007,ram,6.7L,cummins,,"{""year"": ""2007.5"", ""make"": ""Dodge/Ram"", ""model"": """", ""engine"": ""6.7L Cummins"", ""display_name"": ""2007.5 Dodge/Ram 6.7L Cummins""}"
2007 Sprinter 3.0L,2007-sprinter-3-0l,gid://shopify/Metaobject/279918477677,fitment_vehicle,,2026-01-31T01:11:20Z,2007,sprinter,3.0L,,,"{""year"": ""2007"", ""make"": ""Sprinter"", ""model"": """", ""engine"": ""3.0L"", ""display_name"": ""2007 Sprinter 3.0L""}"
2008 Chevrolet 6.6L Duramax LMM,2008-chevrolet-6-6l-duramax-lmm,gid://shopify/Metaobject/279910678893,fitment_vehicle,,2026-01-31T01:09:06Z,2008,chevrolet,6.6L,duramax,LMM,"{""year"": ""2008"", ""make"": ""Chevrolet"", ""model"": """", ""engine"": ""6.6L Duramax LMM"", ""display_name"": ""2008 Chevrolet 6.6L Duramax LMM""}"
2008 Ford 6.4L Powerstroke,2008-ford-6-4l-powerstroke,gid://shopify/Metaobject/279913038189,fitment_vehicle,,2026-01-31T01:09:47Z,2008,ford,6.4L,powerstroke,,"{""year"": ""2008"", ""make"": ""Ford"", ""model"": """", ""engine"": ""6.4L Powerstroke"", ""display_name"": ""2008 Ford 6.4L Powerstroke""}"
2008 GMC 6.6L Duramax LMM,2008-gmc-6-6l-duramax-lmm,gid://shopify/Metaobject/279910711661,fitment_vehicle,,2026-01-31T01:09:07Z,2008,gmc,6.6L,duramax,LMM,"{""year"": ""2008"", ""make"": ""GMC"", ""model"": """", ""engine"": ""6.6L Duramax LMM"", ""display_name"": ""2008 GMC 6.6L Duramax LMM""}"
2008 Dodge/Ram 6.7L Cummins,2008-dodge-ram-6-7l-cummins,gid://shopify/Metaobject/279911825773,fitment_vehicle,,2026-01-31T01:09:26Z,2008,ram,6.7L,cummins,,"{""year"": ""2008"", ""make"": ""Dodge/Ram"", ""model"": """", ""engine"": ""6.7L Cummins"", ""display_name"": ""2008 Dodge/Ram 6.7L Cummins""}"
2008 Sprinter 3.0L,2008-sprinter-3-0l,gid://shopify/Metaobject/279918510445,fitment_vehicle,,2026-01-31T01:11:21Z,2008,sprinter,3.0L,,,"{""year"": ""2008"", ""make"": ""Sprinter"", ""model"": """", ""engine"": ""3.0L"", ""display_name"": ""2008 Sprinter 3.0L""}"
2009 Chevrolet 6.6L Duramax LMM,2009-chevrolet-6-6l-duramax-lmm,gid://shopify/Metaobject/279910744429,fitment_vehicle,,2026-01-31T01:09:07Z,2009,chevrolet,6.6L,duramax,LMM,"{""year"": ""2009"", ""make"": ""Chevrolet"", ""model"": """", ""engine"": ""6.6L Duramax LMM"", ""display_name"": ""2009 Chevrolet 6.6L Duramax LMM""}"
2009 Ford 6.4L Powerstroke,2009-ford-6-4l-powerstroke,gid://shopify/Metaobject/279913070957,fitment_vehicle,,2026-01-31T01:09:47Z,2009,ford,6.4L,powerstroke,,"{""year"": ""2009"", ""make"": ""Ford"", ""model"": """", ""engine"": ""6.4L Powerstroke"", ""display_name"": ""2009 Ford 6.4L Powerstroke""}"
2009 GMC 6.6L Duramax LMM,2009-gmc-6-6l-duramax-lmm,gid://shopify/Metaobject/279910777197,fitment_vehicle,,2026-01-31T01:09:08Z,2009,gmc,6.6L,duramax,LMM,"{""year"": ""2009"", ""make"": ""GMC"", ""model"": """", ""engine"": ""6.6L Duramax LMM"", ""display_name"": ""2009 GMC 6.6L Duramax LMM""}"
2009 Dodge/Ram 6.7L Cummins,2009-dodge-ram-6-7l-cummins,gid://shopify/Metaobject/279911858541,fitment_vehicle,,2026-01-31T01:09:27Z,2009,ram,6.7L,cummins,,"{""year"": ""2009"", ""make"": ""Dodge/Ram"", ""model"": """", ""engine"": ""6.7L Cummins"", ""display_name"": ""2009 Dodge/Ram 6.7L Cummins""}"
2009 Sprinter 3.0L,2009-sprinter-3-0l,gid://shopify/Metaobject/279918543213,fitment_vehicle,,2026-01-31T01:11:21Z,2009,sprinter,3.0L,,,"{""year"": ""2009"", ""make"": ""Sprinter"", ""model"": """", ""engine"": ""3.0L"", ""display_name"": ""2009 Sprinter 3.0L""}"
2009 Volkswagen 2.0L TDI,2009-volkswagen-2-0l-tdi,gid://shopify/Metaobject/279914774893,fitment_vehicle,,2026-01-31T01:10:17Z,2009,volkswagen,2.0L,,TDI,"{""year"": ""2009"", ""make"": ""Volkswagen"", ""model"": """", ""engine"": ""2.0L TDI"", ""display_name"": ""2009 Volkswagen 2.0L TDI""}"
2010 Chevrolet 6.6L Duramax LMM,2010-chevrolet-6-6l-duramax-lmm,gid://shopify/Metaobject/279910809965,fitment_vehicle,,2026-01-31T01:09:09Z,2010,chevrolet,6.6L,duramax,LMM,"{""year"": ""2010"", ""make"": ""Chevrolet"", ""model"": """", ""engine"": ""6.6L Duramax LMM"", ""display_name"": ""2010 Chevrolet 6.6L Duramax LMM""}"
2010 Ford 6.4L Powerstroke,2010-ford-6-4l-powerstroke,gid://shopify/Metaobject/279913103725,fitment_vehicle,,2026-01-31T01:09:48Z,2010,ford,6.4L,powerstroke,,"{""year"": ""2010"", ""make"": ""Ford"", ""model"": """", ""engine"": ""6.4L Powerstroke"", ""display_name"": ""2010 Ford 6.4L Powerstroke""}"
2010 GMC 6.6L Duramax LMM,2010-gmc-6-6l-duramax-lmm,gid://shopify/Metaobject/279910842733,fitment_vehicle,,2026-01-31T01:09:09Z,2010,gmc,6.6L,duramax,LMM,"{""year"": ""2010"", ""make"": ""GMC"", ""model"": """", ""engine"": ""6.6L Duramax LMM"", ""display_name"": ""2010 GMC 6.6L Duramax LMM""}"
2010 Dodge/Ram 6.7L Cummins,2010-dodge-ram-6-7l-cummins,gid://shopify/Metaobject/279911137645,fitment_vehicle,,2026-01-31T01:09:14Z,2010,ram,6.7L,cummins,,"{""year"": ""2010"", ""make"": ""Dodge/Ram"", ""model"": """", ""engine"": ""6.7L Cummins"", ""display_name"": ""2010 Dodge/Ram 6.7L Cummins""}"
2010 Sprinter 3.0L,2010-sprinter-3-0l,gid://shopify/Metaobject/279918575981,fitment_vehicle,,2026-01-31T01:11:22Z,2010,sprinter,3.0L,,,"{""year"": ""2010"", ""make"": ""Sprinter"", ""model"": """", ""engine"": ""3.0L"", ""display_name"": ""2010 Sprinter 3.0L""}"
2010 Volkswagen 2.0L TDI,2010-volkswagen-2-0l-tdi,gid://shopify/Metaobject/279914807661,fitment_vehicle,,2026-01-31T01:10:17Z,2010,volkswagen,2.0L,,TDI,"{""year"": ""2010"", ""make"": ""Volkswagen"", ""model"": """", ""engine"": ""2.0L TDI"", ""display_name"": ""2010 Volkswagen 2.0L TDI""}"
2011 Chevrolet 6.6L Duramax LML,2011-chevrolet-6-6l-duramax-lml,gid://shopify/Metaobject/279912153453,fitment_vehicle,,2026-01-31T01:09:32Z,2011,chevrolet,6.6L,duramax,LML,"{""year"": ""2011"", ""make"": ""Chevrolet"", ""model"": """", ""engine"": ""6.6L Duramax LML"", ""display_name"": ""2011 Chevrolet 6.6L Duramax LML""}"
2011 Ford 6.7L Powerstroke,2011-ford-6-7l-powerstroke,gid://shopify/Metaobject/279913136493,fitment_vehicle,,2026-01-31T01:09:48Z,2011,ford,6.7L,powerstroke,,"{""year"": ""2011"", ""make"": ""Ford"", ""model"": """", ""engine"": ""6.7L Powerstroke"", ""display_name"": ""2011 Ford 6.7L Powerstroke""}"
2011 GMC 6.6L Duramax LML,2011-gmc-6-6l-duramax-lml,gid://shopify/Metaobject/279912186221,fitment_vehicle,,2026-01-31T01:09:32Z,2011,gmc,6.6L,duramax,LML,"{""year"": ""2011"", ""make"": ""GMC"", ""model"": """", ""engine"": ""6.6L Duramax LML"", ""display_name"": ""2011 GMC 6.6L Duramax LML""}"
2011 Dodge/Ram 6.7L Cummins,2011-dodge-ram-6-7l-cummins,gid://shopify/Metaobject/279911170413,fitment_vehicle,,2026-01-31T01:09:15Z,2011,ram,6.7L,cummins,,"{""year"": ""2011"", ""make"": ""Dodge/Ram"", ""model"": """", ""engine"": ""6.7L Cummins"", ""display_name"": ""2011 Dodge/Ram 6.7L Cummins""}"
2011 Sprinter 3.0L,2011-sprinter-3-0l,gid://shopify/Metaobject/279918608749,fitment_vehicle,,2026-01-31T01:11:23Z,2011,sprinter,3.0L,,,"{""year"": ""2011"", ""make"": ""Sprinter"", ""model"": """", ""engine"": ""3.0L"", ""display_name"": ""2011 Sprinter 3.0L""}"
2011 Volkswagen 2.0L TDI,2011-volkswagen-2-0l-tdi,gid://shopify/Metaobject/279914840429,fitment_vehicle,,2026-01-31T01:10:18Z,2011,volkswagen,2.0L,,TDI,"{""year"": ""2011"", ""make"": ""Volkswagen"", ""model"": """", ""engine"": ""2.0L TDI"", ""display_name"": ""2011 Volkswagen 2.0L TDI""}"
2012 Chevrolet 6.6L Duramax LML,2012-chevrolet-6-6l-duramax-lml,gid://shopify/Metaobject/279912218989,fitment_vehicle,,2026-01-31T01:09:33Z,2012,chevrolet,6.6L,duramax,LML,"{""year"": ""2012"", ""make"": ""Chevrolet"", ""model"": """", ""engine"": ""6.6L Duramax LML"", ""display_name"": ""2012 Chevrolet 6.6L Duramax LML""}"
2012 Ford 6.7L Powerstroke,2012-ford-6-7l-powerstroke,gid://shopify/Metaobject/279913169261,fitment_vehicle,,2026-01-31T01:09:49Z,2012,ford,6.7L,powerstroke,,"{""year"": ""2012"", ""make"": ""Ford"", ""model"": """", ""engine"": ""6.7L Powerstroke"", ""display_name"": ""2012 Ford 6.7L Powerstroke""}"
2012 GMC 6.6L Duramax LML,2012-gmc-6-6l-duramax-lml,gid://shopify/Metaobject/279912251757,fitment_vehicle,,2026-01-31T01:09:33Z,2012,gmc,6.6L,duramax,LML,"{""year"": ""2012"", ""make"": ""GMC"", ""model"": """", ""engine"": ""6.6L Duramax LML"", ""display_name"": ""2012 GMC 6.6L Duramax LML""}"
2012 Dodge/Ram 6.7L Cummins,2012-dodge-ram-6-7l-cummins,gid://shopify/Metaobject/279911203181,fitment_vehicle,,2026-01-31T01:09:15Z,2012,ram,6.7L,cummins,,"{""year"": ""2012"", ""make"": ""Dodge/Ram"", ""model"": """", ""engine"": ""6.7L Cummins"", ""display_name"": ""2012 Dodge/Ram 6.7L Cummins""}"
2012 Sprinter 3.0L,2012-sprinter-3-0l,gid://shopify/Metaobject/279918641517,fitment_vehicle,,2026-01-31T01:11:23Z,2012,sprinter,3.0L,,,"{""year"": ""2012"", ""make"": ""Sprinter"", ""model"": """", ""engine"": ""3.0L"", ""display_name"": ""2012 Sprinter 3.0L""}"
2012 Volkswagen 2.0L TDI,2012-volkswagen-2-0l-tdi,gid://shopify/Metaobject/279914873197,fitment_vehicle,,2026-01-31T01:10:18Z,2012,volkswagen,2.0L,,TDI,"{""year"": ""2012"", ""make"": ""Volkswagen"", ""model"": """", ""engine"": ""2.0L TDI"", ""display_name"": ""2012 Volkswagen 2.0L TDI""}"
2013 Chevrolet 6.6L Duramax LML,2013-chevrolet-6-6l-duramax-lml,gid://shopify/Metaobject/279913431405,fitment_vehicle,,2026-01-31T01:09:54Z,2013,chevrolet,6.6L,duramax,LML,"{""year"": ""2013"", ""make"": ""Chevrolet"", ""model"": """", ""engine"": ""6.6L Duramax LML"", ""display_name"": ""2013 Chevrolet 6.6L Duramax LML""}"
2013 Ford 6.7L Powerstroke,2013-ford-6-7l-powerstroke,gid://shopify/Metaobject/279913202029,fitment_vehicle,,2026-01-31T01:09:49Z,2013,ford,6.7L,powerstroke,,"{""year"": ""2013"", ""make"": ""Ford"", ""model"": """", ""engine"": ""6.7L Powerstroke"", ""display_name"": ""2013 Ford 6.7L Powerstroke""}"
2013 GMC 6.6L Duramax LML,2013-gmc-6-6l-duramax-lml,gid://shopify/Metaobject/279913464173,fitment_vehicle,,2026-01-31T01:09:54Z,2013,gmc,6.6L,duramax,LML,"{""year"": ""2013"", ""make"": ""GMC"", ""model"": """", ""engine"": ""6.6L Duramax LML"", ""display_name"": ""2013 GMC 6.6L Duramax LML""}"
2013 Dodge/Ram 6.7L Cummins,2013-dodge-ram-6-7l-cummins,gid://shopify/Metaobject/279911235949,fitment_vehicle,,2026-01-31T01:09:16Z,2013,ram,6.7L,cummins,,"{""year"": ""2013"", ""make"": ""Dodge/Ram"", ""model"": """", ""engine"": ""6.7L Cummins"", ""display_name"": ""2013 Dodge/Ram 6.7L Cummins""}"
2013 Sprinter 3.0L,2013-sprinter-3-0l,gid://shopify/Metaobject/279918674285,fitment_vehicle,,2026-01-31T01:11:24Z,2013,sprinter,3.0L,,,"{""year"": ""2013"", ""make"": ""Sprinter"", ""model"": """", ""engine"": ""3.0L"", ""display_name"": ""2013 Sprinter 3.0L""}"
2013 Volkswagen 2.0L TDI,2013-volkswagen-2-0l-tdi,gid://shopify/Metaobject/279914905965,fitment_vehicle,,2026-01-31T01:10:19Z,2013,volkswagen,2.0L,,TDI,"{""year"": ""2013"", ""make"": ""Volkswagen"", ""model"": """", ""engine"": ""2.0L TDI"", ""display_name"": ""2013 Volkswagen 2.0L TDI""}"
2014 Chevrolet 6.6L Duramax LML,2014-chevrolet-6-6l-duramax-lml,gid://shopify/Metaobject/279913496941,fitment_vehicle,,2026-01-31T01:09:55Z,2014,chevrolet,6.6L,duramax,LML,"{""year"": ""2014"", ""make"": ""Chevrolet"", ""model"": """", ""engine"": ""6.6L Duramax LML"", ""display_name"": ""2014 Chevrolet 6.6L Duramax LML""}"
2014 Ford 6.7L Powerstroke,2014-ford-6-7l-powerstroke,gid://shopify/Metaobject/279913234797,fitment_vehicle,,2026-01-31T01:09:50Z,2014,ford,6.7L,powerstroke,,"{""year"": ""2014"", ""make"": ""Ford"", ""model"": """", ""engine"": ""6.7L Powerstroke"", ""display_name"": ""2014 Ford 6.7L Powerstroke""}"
2014 GMC 6.6L Duramax LML,2014-gmc-6-6l-duramax-lml,gid://shopify/Metaobject/279913529709,fitment_vehicle,,2026-01-31T01:09:55Z,2014,gmc,6.6L,duramax,LML,"{""year"": ""2014"", ""make"": ""GMC"", ""model"": """", ""engine"": ""6.6L Duramax LML"", ""display_name"": ""2014 GMC 6.6L Duramax LML""}"
2014 Dodge/Ram 3.0L EcoDiesel,2014-dodge-ram-3-0l-ecodiesel,gid://shopify/Metaobject/279912284525,fitment_vehicle,,2026-01-31T01:09:34Z,2014,ram,3.0L,ecodiesel,,"{""year"": ""2014"", ""make"": ""Dodge/Ram"", ""model"": """", ""engine"": ""3.0L EcoDiesel"", ""display_name"": ""2014 Dodge/Ram 3.0L EcoDiesel""}"
2014 Dodge/Ram 6.7L Cummins,2014-dodge-ram-6-7l-cummins,gid://shopify/Metaobject/279911268717,fitment_vehicle,,2026-01-31T01:09:16Z,2014,ram,6.7L,cummins,,"{""year"": ""2014"", ""make"": ""Dodge/Ram"", ""model"": """", ""engine"": ""6.7L Cummins"", ""display_name"": ""2014 Dodge/Ram 6.7L Cummins""}"
2014 Sprinter 2.1L,2014-sprinter-2-1l,gid://shopify/Metaobject/279918707053,fitment_vehicle,,2026-01-31T01:11:24Z,2014,sprinter,2.1L,,,"{""year"": ""2014"", ""make"": ""Sprinter"", ""model"": """", ""engine"": ""2.1L"", ""display_name"": ""2014 Sprinter 2.1L""}"
2014 Sprinter 3.0L,2014-sprinter-3-0l,gid://shopify/Metaobject/279918739821,fitment_vehicle,,2026-01-31T01:11:25Z,2014,sprinter,3.0L,,,"{""year"": ""2014"", ""make"": ""Sprinter"", ""model"": """", ""engine"": ""3.0L"", ""display_name"": ""2014 Sprinter 3.0L""}"
2014 Volkswagen 2.0L TDI,2014-volkswagen-2-0l-tdi,gid://shopify/Metaobject/279914938733,fitment_vehicle,,2026-01-31T01:10:19Z,2014,volkswagen,2.0L,,TDI,"{""year"": ""2014"", ""make"": ""Volkswagen"", ""model"": """", ""engine"": ""2.0L TDI"", ""display_name"": ""2014 Volkswagen 2.0L TDI""}"
2015 Chevrolet 2.8L Duramax LWN,2015-chevrolet-2-8l-duramax-lwn,gid://shopify/Metaobject/279920247149,fitment_vehicle,,2026-01-31T01:11:50Z,2015,chevrolet,2.8L,duramax,LWN,"{""year"": ""2015"", ""make"": ""Chevrolet"", ""model"": """", ""engine"": ""2.8L Duramax LWN"", ""display_name"": ""2015 Chevrolet 2.8L Duramax LWN""}"
2015 Chevrolet 6.6L Duramax LML,2015-chevrolet-6-6l-duramax-lml,gid://shopify/Metaobject/279913562477,fitment_vehicle,,2026-01-31T01:09:56Z,2015,chevrolet,6.6L,duramax,LML,"{""year"": ""2015"", ""make"": ""Chevrolet"", ""model"": """", ""engine"": ""6.6L Duramax LML"", ""display_name"": ""2015 Chevrolet 6.6L Duramax LML""}"
2015 Ford 6.7L Powerstroke,2015-ford-6-7l-powerstroke,gid://shopify/Metaobject/279913267565,fitment_vehicle,,2026-01-31T01:09:51Z,2015,ford,6.7L,powerstroke,,"{""year"": ""2015"", ""make"": ""Ford"", ""model"": """", ""engine"": ""6.7L Powerstroke"", ""display_name"": ""2015 Ford 6.7L Powerstroke""}"
2015 GMC 2.8L Duramax LWN,2015-gmc-2-8l-duramax-lwn,gid://shopify/Metaobject/279920279917,fitment_vehicle,,2026-01-31T01:11:50Z,2015,gmc,2.8L,duramax,LWN,"{""year"": ""2015"", ""make"": ""GMC"", ""model"": """", ""engine"": ""2.8L Duramax LWN"", ""display_name"": ""2015 GMC 2.8L Duramax LWN""}"
2015 GMC 6.6L Duramax LML,2015-gmc-6-6l-duramax-lml,gid://shopify/Metaobject/279913595245,fitment_vehicle,,2026-01-31T01:09:56Z,2015,gmc,6.6L,duramax,LML,"{""year"": ""2015"", ""make"": ""GMC"", ""model"": """", ""engine"": ""6.6L Duramax LML"", ""display_name"": ""2015 GMC 6.6L Duramax LML""}"
2015 Dodge/Ram 3.0L EcoDiesel,2015-dodge-ram-3-0l-ecodiesel,gid://shopify/Metaobject/279912317293,fitment_vehicle,,2026-01-31T01:09:34Z,2015,ram,3.0L,ecodiesel,,"{""year"": ""2015"", ""make"": ""Dodge/Ram"", ""model"": """", ""engine"": ""3.0L EcoDiesel"", ""display_name"": ""2015 Dodge/Ram 3.0L EcoDiesel""}"
2015 Dodge/Ram 6.7L Cummins,2015-dodge-ram-6-7l-cummins,gid://shopify/Metaobject/279911301485,fitment_vehicle,,2026-01-31T01:09:17Z,2015,ram,6.7L,cummins,,"{""year"": ""2015"", ""make"": ""Dodge/Ram"", ""model"": """", ""engine"": ""6.7L Cummins"", ""display_name"": ""2015 Dodge/Ram 6.7L Cummins""}"
2015 Sprinter 2.1L,2015-sprinter-2-1l,gid://shopify/Metaobject/279918772589,fitment_vehicle,,2026-01-31T01:11:25Z,2015,sprinter,2.1L,,,"{""year"": ""2015"", ""make"": ""Sprinter"", ""model"": """", ""engine"": ""2.1L"", ""display_name"": ""2015 Sprinter 2.1L""}"
2015 Sprinter 3.0L,2015-sprinter-3-0l,gid://shopify/Metaobject/279918805357,fitment_vehicle,,2026-01-31T01:11:26Z,2015,sprinter,3.0L,,,"{""year"": ""2015"", ""make"": ""Sprinter"", ""model"": """", ""engine"": ""3.0L"", ""display_name"": ""2015 Sprinter 3.0L""}"
2015 Volkswagen 2.0L TDI,2015-volkswagen-2-0l-tdi,gid://shopify/Metaobject/279915987309,fitment_vehicle,,2026-01-31T01:10:38Z,2015,volkswagen,2.0L,,TDI,"{""year"": ""2015"", ""make"": ""Volkswagen"", ""model"": """", ""engine"": ""2.0L TDI"", ""display_name"": ""2015 Volkswagen 2.0L TDI""}"
2016 Chevrolet 2.8L Duramax LWN,2016-chevrolet-2-8l-duramax-lwn,gid://shopify/Metaobject/279912644973,fitment_vehicle,,2026-01-31T01:09:40Z,2016,chevrolet,2.8L,duramax,LWN,"{""year"": ""2016"", ""make"": ""Chevrolet"", ""model"": """", ""engine"": ""2.8L Duramax LWN"", ""display_name"": ""2016 Chevrolet 2.8L Duramax LWN""}"
2016 Chevrolet 6.6L Duramax LML,2016-chevrolet-6-6l-duramax-lml,gid://shopify/Metaobject/279913628013,fitment_vehicle,,2026-01-31T01:09:57Z,2016,chevrolet,6.6L,duramax,LML,"{""year"": ""2016"", ""make"": ""Chevrolet"", ""model"": """", ""engine"": ""6.6L Duramax LML"", ""display_name"": ""2016 Chevrolet 6.6L Duramax LML""}"
2016 Ford 6.7L Powerstroke,2016-ford-6-7l-powerstroke,gid://shopify/Metaobject/279913300333,fitment_vehicle,,2026-01-31T01:09:51Z,2016,ford,6.7L,powerstroke,,"{""year"": ""2016"", ""make"": ""Ford"", ""model"": """", ""engine"": ""6.7L Powerstroke"", ""display_name"": ""2016 Ford 6.7L Powerstroke""}"
2016 GMC 2.8L Duramax LWN,2016-gmc-2-8l-duramax-lwn,gid://shopify/Metaobject/279914053997,fitment_vehicle,,2026-01-31T01:10:04Z,2016,gmc,2.8L,duramax,LWN,"{""year"": ""2016"", ""make"": ""GMC"", ""model"": """", ""engine"": ""2.8L Duramax LWN"", ""display_name"": ""2016 GMC 2.8L Duramax LWN""}"
2016 GMC 6.6L Duramax LML,2016-gmc-6-6l-duramax-lml,gid://shopify/Metaobject/279913660781,fitment_vehicle,,2026-01-31T01:09:57Z,2016,gmc,6.6L,duramax,LML,"{""year"": ""2016"", ""make"": ""GMC"", ""model"": """", ""engine"": ""6.6L Duramax LML"", ""display_name"": ""2016 GMC 6.6L Duramax LML""}"
2016 Nissan Titan XD 5.0L Cummins,2016-nissan-titan-xd-5-0l-cummins,gid://shopify/Metaobject/279914250605,fitment_vehicle,,2026-01-31T01:10:08Z,2016,nissan,5.0L,cummins,TITAN,"{""year"": ""2016"", ""make"": ""Nissan"", ""model"": ""Titan XD"", ""engine"": ""5.0L Cummins"", ""display_name"": ""2016 Nissan Titan XD 5.0L Cummins""}"
2016 Dodge/Ram 3.0L EcoDiesel,2016-dodge-ram-3-0l-ecodiesel,gid://shopify/Metaobject/279912350061,fitment_vehicle,,2026-01-31T01:09:35Z,2016,ram,3.0L,ecodiesel,,"{""year"": ""2016"", ""make"": ""Dodge/Ram"", ""model"": """", ""engine"": ""3.0L EcoDiesel"", ""display_name"": ""2016 Dodge/Ram 3.0L EcoDiesel""}"
2016 Dodge/Ram 6.7L Cummins,2016-dodge-ram-6-7l-cummins,gid://shopify/Metaobject/279911334253,fitment_vehicle,,2026-01-31T01:09:18Z,2016,ram,6.7L,cummins,,"{""year"": ""2016"", ""make"": ""Dodge/Ram"", ""model"": """", ""engine"": ""6.7L Cummins"", ""display_name"": ""2016 Dodge/Ram 6.7L Cummins""}"
2016 Sprinter 2.1L,2016-sprinter-2-1l,gid://shopify/Metaobject/279918838125,fitment_vehicle,,2026-01-31T01:11:27Z,2016,sprinter,2.1L,,,"{""year"": ""2016"", ""make"": ""Sprinter"", ""model"": """", ""engine"": ""2.1L"", ""display_name"": ""2016 Sprinter 2.1L""}"
2016 Sprinter 3.0L,2016-sprinter-3-0l,gid://shopify/Metaobject/279918870893,fitment_vehicle,,2026-01-31T01:11:27Z,2016,sprinter,3.0L,,,"{""year"": ""2016"", ""make"": ""Sprinter"", ""model"": """", ""engine"": ""3.0L"", ""display_name"": ""2016 Sprinter 3.0L""}"
2017 Chevrolet 2.8L Duramax LWN,2017-chevrolet-2-8l-duramax-lwn,gid://shopify/Metaobject/279912677741,fitment_vehicle,,2026-01-31T01:09:41Z,2017,chevrolet,2.8L,duramax,LWN,"{""year"": ""2017"", ""make"": ""Chevrolet"", ""model"": """", ""engine"": ""2.8L Duramax LWN"", ""display_name"": ""2017 Chevrolet 2.8L Duramax LWN""}"
2017 Chevrolet 6.6L Duramax L5P,2017-chevrolet-6-6l-duramax-l5p,gid://shopify/Metaobject/279913693549,fitment_vehicle,,2026-01-31T01:09:58Z,2017,chevrolet,6.6L,duramax,L5P,"{""year"": ""2017"", ""make"": ""Chevrolet"", ""model"": """", ""engine"": ""6.6L Duramax L5P"", ""display_name"": ""2017 Chevrolet 6.6L Duramax L5P""}"
2017 Ford 6.7L Powerstroke,2017-ford-6-7l-powerstroke,gid://shopify/Metaobject/279913333101,fitment_vehicle,,2026-01-31T01:09:52Z,2017,ford,6.7L,powerstroke,,"{""year"": ""2017"", ""make"": ""Ford"", ""model"": """", ""engine"": ""6.7L Powerstroke"", ""display_name"": ""2017 Ford 6.7L Powerstroke""}"
2017 GMC 2.8L Duramax LWN,2017-gmc-2-8l-duramax-lwn,gid://shopify/Metaobject/279914086765,fitment_vehicle,,2026-01-31T01:10:05Z,2017,gmc,2.8L,duramax,LWN,"{""year"": ""2017"", ""make"": ""GMC"", ""model"": """", ""engine"": ""2.8L Duramax LWN"", ""display_name"": ""2017 GMC 2.8L Duramax LWN""}"
2017 GMC 6.6L Duramax L5P,2017-gmc-6-6l-duramax-l5p,gid://shopify/Metaobject/279913726317,fitment_vehicle,,2026-01-31T01:09:58Z,2017,gmc,6.6L,duramax,L5P,"{""year"": ""2017"", ""make"": ""GMC"", ""model"": """", ""engine"": ""6.6L Duramax L5P"", ""display_name"": ""2017 GMC 6.6L Duramax L5P""}"
2017 Nissan Titan XD 5.0L Cummins,2017-nissan-titan-xd-5-0l-cummins,gid://shopify/Metaobject/279914283373,fitment_vehicle,,2026-01-31T01:10:08Z,2017,nissan,5.0L,cummins,TITAN,"{""year"": ""2017"", ""make"": ""Nissan"", ""model"": ""Titan XD"", ""engine"": ""5.0L Cummins"", ""display_name"": ""2017 Nissan Titan XD 5.0L Cummins""}"
2017 Dodge/Ram 3.0L EcoDiesel,2017-dodge-ram-3-0l-ecodiesel,gid://shopify/Metaobject/279912382829,fitment_vehicle,,2026-01-31T01:09:36Z,2017,ram,3.0L,ecodiesel,,"{""year"": ""2017"", ""make"": ""Dodge/Ram"", ""model"": """", ""engine"": ""3.0L EcoDiesel"", ""display_name"": ""2017 Dodge/Ram 3.0L EcoDiesel""}"
2017 Dodge/Ram 6.7L Cummins,2017-dodge-ram-6-7l-cummins,gid://shopify/Metaobject/279911367021,fitment_vehicle,,2026-01-31T01:09:18Z,2017,ram,6.7L,cummins,,"{""year"": ""2017"", ""make"": ""Dodge/Ram"", ""model"": """", ""engine"": ""6.7L Cummins"", ""display_name"": ""2017 Dodge/Ram 6.7L Cummins""}"
2017 Sprinter 2.1L,2017-sprinter-2-1l,gid://shopify/Metaobject/279918903661,fitment_vehicle,,2026-01-31T01:11:28Z,2017,sprinter,2.1L,,,"{""year"": ""2017"", ""make"": ""Sprinter"", ""model"": """", ""engine"": ""2.1L"", ""display_name"": ""2017 Sprinter 2.1L""}"
2017 Sprinter 3.0L,2017-sprinter-3-0l,gid://shopify/Metaobject/279918936429,fitment_vehicle,,2026-01-31T01:11:28Z,2017,sprinter,3.0L,,,"{""year"": ""2017"", ""make"": ""Sprinter"", ""model"": """", ""engine"": ""3.0L"", ""display_name"": ""2017 Sprinter 3.0L""}"
2018 Chevrolet 2.8L Duramax LWN,2018-chevrolet-2-8l-duramax-lwn,gid://shopify/Metaobject/279912710509,fitment_vehicle,,2026-01-31T01:09:41Z,2018,chevrolet,2.8L,duramax,LWN,"{""year"": ""2018"", ""make"": ""Chevrolet"", ""model"": """", ""engine"": ""2.8L Duramax LWN"", ""display_name"": ""2018 Chevrolet 2.8L Duramax LWN""}"
2018 Chevrolet 6.6L Duramax L5P,2018-chevrolet-6-6l-duramax-l5p,gid://shopify/Metaobject/279913759085,fitment_vehicle,,2026-01-31T01:09:59Z,2018,chevrolet,6.6L,duramax,L5P,"{""year"": ""2018"", ""make"": ""Chevrolet"", ""model"": """", ""engine"": ""6.6L Duramax L5P"", ""display_name"": ""2018 Chevrolet 6.6L Duramax L5P""}"
2018 Ford 3.0L Powerstroke,2018-ford-3-0l-powerstroke,gid://shopify/Metaobject/279916478829,fitment_vehicle,,2026-01-31T01:10:46Z,2018,ford,3.0L,powerstroke,,"{""year"": ""2018"", ""make"": ""Ford"", ""model"": """", ""engine"": ""3.0L Powerstroke"", ""display_name"": ""2018 Ford 3.0L Powerstroke""}"
2018 Ford 6.7L Powerstroke,2018-ford-6-7l-powerstroke,gid://shopify/Metaobject/279913365869,fitment_vehicle,,2026-01-31T01:09:52Z,2018,ford,6.7L,powerstroke,,"{""year"": ""2018"", ""make"": ""Ford"", ""model"": """", ""engine"": ""6.7L Powerstroke"", ""display_name"": ""2018 Ford 6.7L Powerstroke""}"
2018 GMC 2.8L Duramax LWN,2018-gmc-2-8l-duramax-lwn,gid://shopify/Metaobject/279914119533,fitment_vehicle,,2026-01-31T01:10:05Z,2018,gmc,2.8L,duramax,LWN,"{""year"": ""2018"", ""make"": ""GMC"", ""model"": """", ""engine"": ""2.8L Duramax LWN"", ""display_name"": ""2018 GMC 2.8L Duramax LWN""}"
2018 GMC 6.6L Duramax L5P,2018-gmc-6-6l-duramax-l5p,gid://shopify/Metaobject/279913791853,fitment_vehicle,,2026-01-31T01:10:00Z,2018,gmc,6.6L,duramax,L5P,"{""year"": ""2018"", ""make"": ""GMC"", ""model"": """", ""engine"": ""6.6L Duramax L5P"", ""display_name"": ""2018 GMC 6.6L Duramax L5P""}"
2018 Jeep Wrangler JL 3.0L EcoDiesel,2018-jeep-wrangler-jl-3-0l-ecodiesel,gid://shopify/Metaobject/279920181613,fitment_vehicle,,2026-01-31T01:11:49Z,2018,jeep,3.0L,ecodiesel,JL,"{""year"": ""2018"", ""make"": ""Jeep"", ""model"": ""Wrangler JL"", ""engine"": ""3.0L EcoDiesel"", ""display_name"": ""2018 Jeep Wrangler JL 3.0L EcoDiesel""}"
2018 Nissan Titan XD 5.0L Cummins,2018-nissan-titan-xd-5-0l-cummins,gid://shopify/Metaobject/279914316141,fitment_vehicle,,2026-01-31T01:10:09Z,2018,nissan,5.0L,cummins,TITAN,"{""year"": ""2018"", ""make"": ""Nissan"", ""model"": ""Titan XD"", ""engine"": ""5.0L Cummins"", ""display_name"": ""2018 Nissan Titan XD 5.0L Cummins""}"
2018 Dodge/Ram 3.0L EcoDiesel,2018-dodge-ram-3-0l-ecodiesel,gid://shopify/Metaobject/279912415597,fitment_vehicle,,2026-01-31T01:09:36Z,2018,ram,3.0L,ecodiesel,,"{""year"": ""2018"", ""make"": ""Dodge/Ram"", ""model"": """", ""engine"": ""3.0L EcoDiesel"", ""display_name"": ""2018 Dodge/Ram 3.0L EcoDiesel""}"
2018 Dodge/Ram 6.7L Cummins,2018-dodge-ram-6-7l-cummins,gid://shopify/Metaobject/279911399789,fitment_vehicle,,2026-01-31T01:09:19Z,2018,ram,6.7L,cummins,,"{""year"": ""2018"", ""make"": ""Dodge/Ram"", ""model"": """", ""engine"": ""6.7L Cummins"", ""display_name"": ""2018 Dodge/Ram 6.7L Cummins""}"
2018 Sprinter 2.1L,2018-sprinter-2-1l,gid://shopify/Metaobject/279918969197,fitment_vehicle,,2026-01-31T01:11:29Z,2018,sprinter,2.1L,,,"{""year"": ""2018"", ""make"": ""Sprinter"", ""model"": """", ""engine"": ""2.1L"", ""display_name"": ""2018 Sprinter 2.1L""}"
2018 Sprinter 3.0L,2018-sprinter-3-0l,gid://shopify/Metaobject/279919001965,fitment_vehicle,,2026-01-31T01:11:29Z,2018,sprinter,3.0L,,,"{""year"": ""2018"", ""make"": ""Sprinter"", ""model"": """", ""engine"": ""3.0L"", ""display_name"": ""2018 Sprinter 3.0L""}"
2019 Chevrolet 2.8L Duramax LWN,2019-chevrolet-2-8l-duramax-lwn,gid://shopify/Metaobject/279912743277,fitment_vehicle,,2026-01-31T01:09:42Z,2019,chevrolet,2.8L,duramax,LWN,"{""year"": ""2019"", ""make"": ""Chevrolet"", ""model"": """", ""engine"": ""2.8L Duramax LWN"", ""display_name"": ""2019 Chevrolet 2.8L Duramax LWN""}"
2019 Chevrolet 6.6L Duramax L5P,2019-chevrolet-6-6l-duramax-l5p,gid://shopify/Metaobject/279913824621,fitment_vehicle,,2026-01-31T01:10:00Z,2019,chevrolet,6.6L,duramax,L5P,"{""year"": ""2019"", ""make"": ""Chevrolet"", ""model"": """", ""engine"": ""6.6L Duramax L5P"", ""display_name"": ""2019 Chevrolet 6.6L Duramax L5P""}"
2019 Ford 3.0L Powerstroke,2019-ford-3-0l-powerstroke,gid://shopify/Metaobject/279916511597,fitment_vehicle,,2026-01-31T01:10:47Z,2019,ford,3.0L,powerstroke,,"{""year"": ""2019"", ""make"": ""Ford"", ""model"": """", ""engine"": ""3.0L Powerstroke"", ""display_name"": ""2019 Ford 3.0L Powerstroke""}"
2019 Ford 6.7L Powerstroke,2019-ford-6-7l-powerstroke,gid://shopify/Metaobject/279913398637,fitment_vehicle,,2026-01-31T01:09:53Z,2019,ford,6.7L,powerstroke,,"{""year"": ""2019"", ""make"": ""Ford"", ""model"": """", ""engine"": ""6.7L Powerstroke"", ""display_name"": ""2019 Ford 6.7L Powerstroke""}"
2019 GMC 2.8L Duramax LWN,2019-gmc-2-8l-duramax-lwn,gid://shopify/Metaobject/279914152301,fitment_vehicle,,2026-01-31T01:10:06Z,2019,gmc,2.8L,duramax,LWN,"{""year"": ""2019"", ""make"": ""GMC"", ""model"": """", ""engine"": ""2.8L Duramax LWN"", ""display_name"": ""2019 GMC 2.8L Duramax LWN""}"
2019 GMC 6.6L Duramax L5P,2019-gmc-6-6l-duramax-l5p,gid://shopify/Metaobject/279913857389,fitment_vehicle,,2026-01-31T01:10:01Z,2019,gmc,6.6L,duramax,L5P,"{""year"": ""2019"", ""make"": ""GMC"", ""model"": """", ""engine"": ""6.6L Duramax L5P"", ""display_name"": ""2019 GMC 6.6L Duramax L5P""}"
2019 Jeep Wrangler JL 3.0L EcoDiesel,2019-jeep-wrangler-jl-3-0l-ecodiesel,gid://shopify/Metaobject/279920214381,fitment_vehicle,,2026-01-31T01:11:49Z,2019,jeep,3.0L,ecodiesel,JL,"{""year"": ""2019"", ""make"": ""Jeep"", ""model"": ""Wrangler JL"", ""engine"": ""3.0L EcoDiesel"", ""display_name"": ""2019 Jeep Wrangler JL 3.0L EcoDiesel""}"
2019 Nissan Titan XD 5.0L Cummins,2019-nissan-titan-xd-5-0l-cummins,gid://shopify/Metaobject/279914348909,fitment_vehicle,,2026-01-31T01:10:09Z,2019,nissan,5.0L,cummins,TITAN,"{""year"": ""2019"", ""make"": ""Nissan"", ""model"": ""Titan XD"", ""engine"": ""5.0L Cummins"", ""display_name"": ""2019 Nissan Titan XD 5.0L Cummins""}"
2019 Dodge/Ram 3.0L EcoDiesel,2019-dodge-ram-3-0l-ecodiesel,gid://shopify/Metaobject/279919067501,fitment_vehicle,,2026-01-31T01:11:30Z,2019,ram,3.0L,ecodiesel,,"{""year"": ""2019"", ""make"": ""Dodge/Ram"", ""model"": """", ""engine"": ""3.0L EcoDiesel"", ""display_name"": ""2019 Dodge/Ram 3.0L EcoDiesel""}"
2019 Dodge/Ram 6.7L Cummins,2019-dodge-ram-6-7l-cummins,gid://shopify/Metaobject/279912448365,fitment_vehicle,,2026-01-31T01:09:37Z,2019,ram,6.7L,cummins,,"{""year"": ""2019"", ""make"": ""Dodge/Ram"", ""model"": """", ""engine"": ""6.7L Cummins"", ""display_name"": ""2019 Dodge/Ram 6.7L Cummins""}"
2019 Sprinter 2.0L,2019-sprinter-2-0l,gid://shopify/Metaobject/279919821165,fitment_vehicle,,2026-01-31T01:11:42Z,2019,sprinter,2.0L,,,"{""year"": ""2019"", ""make"": ""Sprinter"", ""model"": """", ""engine"": ""2.0L"", ""display_name"": ""2019 Sprinter 2.0L""}"
2019 Sprinter 3.0L,2019-sprinter-3-0l,gid://shopify/Metaobject/279919591789,fitment_vehicle,,2026-01-31T01:11:39Z,2019,sprinter,3.0L,,,"{""year"": ""2019"", ""make"": ""Sprinter"", ""model"": """", ""engine"": ""3.0L"", ""display_name"": ""2019 Sprinter 3.0L""}"
2020 Chevrolet 2.8L Duramax LWN,2020-chevrolet-2-8l-duramax-lwn,gid://shopify/Metaobject/279912776045,fitment_vehicle,,2026-01-31T01:09:42Z,2020,chevrolet,2.8L,duramax,LWN,"{""year"": ""2020"", ""make"": ""Chevrolet"", ""model"": """", ""engine"": ""2.8L Duramax LWN"", ""display_name"": ""2020 Chevrolet 2.8L Duramax LWN""}"
2020 Chevrolet 3.0L Duramax,2020-chevrolet-3-0l-duramax,gid://shopify/Metaobject/279919100269,fitment_vehicle,,2026-01-31T01:11:31Z,2020,chevrolet,3.0L,duramax,,"{""year"": ""2020"", ""make"": ""Chevrolet"", ""model"": """", ""engine"": ""3.0L Duramax"", ""display_name"": ""2020 Chevrolet 3.0L Duramax""}"
2020 Chevrolet 6.6L Duramax L5P,2020-chevrolet-6-6l-duramax-l5p,gid://shopify/Metaobject/279914512749,fitment_vehicle,,2026-01-31T01:10:12Z,2020,chevrolet,6.6L,duramax,L5P,"{""year"": ""2020"", ""make"": ""Chevrolet"", ""model"": """", ""engine"": ""6.6L Duramax L5P"", ""display_name"": ""2020 Chevrolet 6.6L Duramax L5P""}"
2020 Ford 3.0L Powerstroke,2020-ford-3-0l-powerstroke,gid://shopify/Metaobject/279917920621,fitment_vehicle,,2026-01-31T01:11:10Z,2020,ford,3.0L,powerstroke,,"{""year"": ""2020"", ""make"": ""Ford"", ""model"": """", ""engine"": ""3.0L Powerstroke"", ""display_name"": ""2020 Ford 3.0L Powerstroke""}"
2020 Ford 6.7L Powerstroke,2020-ford-6-7l-powerstroke,gid://shopify/Metaobject/279914381677,fitment_vehicle,,2026-01-31T01:10:10Z,2020,ford,6.7L,powerstroke,,"{""year"": ""2020"", ""make"": ""Ford"", ""model"": """", ""engine"": ""6.7L Powerstroke"", ""display_name"": ""2020 Ford 6.7L Powerstroke""}"
2020 GMC 2.8L Duramax LWN,2020-gmc-2-8l-duramax-lwn,gid://shopify/Metaobject/279914185069,fitment_vehicle,,2026-01-31T01:10:06Z,2020,gmc,2.8L,duramax,LWN,"{""year"": ""2020"", ""make"": ""GMC"", ""model"": """", ""engine"": ""2.8L Duramax LWN"", ""display_name"": ""2020 GMC 2.8L Duramax LWN""}"
2020 GMC 3.0L Duramax,2020-gmc-3-0l-duramax,gid://shopify/Metaobject/279919133037,fitment_vehicle,,2026-01-31T01:11:31Z,2020,gmc,3.0L,duramax,,"{""year"": ""2020"", ""make"": ""GMC"", ""model"": """", ""engine"": ""3.0L Duramax"", ""display_name"": ""2020 GMC 3.0L Duramax""}"
2020 GMC 6.6L Duramax L5P,2020-gmc-6-6l-duramax-l5p,gid://shopify/Metaobject/279914545517,fitment_vehicle,,2026-01-31T01:10:13Z,2020,gmc,6.6L,duramax,L5P,"{""year"": ""2020"", ""make"": ""GMC"", ""model"": """", ""engine"": ""6.6L Duramax L5P"", ""display_name"": ""2020 GMC 6.6L Duramax L5P""}"
2020 Jeep Gladiator JT 3.0L EcoDiesel,2020-jeep-gladiator-jt-3-0l-ecodiesel,gid://shopify/Metaobject/279919296877,fitment_vehicle,,2026-01-31T01:11:34Z,2020,jeep,3.0L,ecodiesel,JT,"{""year"": ""2020"", ""make"": ""Jeep"", ""model"": ""Gladiator JT"", ""engine"": ""3.0L EcoDiesel"", ""display_name"": ""2020 Jeep Gladiator JT 3.0L EcoDiesel""}"
2020 Jeep Wrangler JL 3.0L EcoDiesel,2020-jeep-wrangler-jl-3-0l-ecodiesel,gid://shopify/Metaobject/279916609901,fitment_vehicle,,2026-01-31T01:10:48Z,2020,jeep,3.0L,ecodiesel,JL,"{""year"": ""2020"", ""make"": ""Jeep"", ""model"": ""Wrangler JL"", ""engine"": ""3.0L EcoDiesel"", ""display_name"": ""2020 Jeep Wrangler JL 3.0L EcoDiesel""}"
2020 Dodge/Ram 3.0L EcoDiesel,2020-dodge-ram-3-0l-ecodiesel,gid://shopify/Metaobject/279914971501,fitment_vehicle,,2026-01-31T01:10:20Z,2020,ram,3.0L,ecodiesel,,"{""year"": ""2020"", ""make"": ""Dodge/Ram"", ""model"": """", ""engine"": ""3.0L EcoDiesel"", ""display_name"": ""2020 Dodge/Ram 3.0L EcoDiesel""}"
2020 Dodge/Ram 6.7L Cummins,2020-dodge-ram-6-7l-cummins,gid://shopify/Metaobject/279912481133,fitment_vehicle,,2026-01-31T01:09:37Z,2020,ram,6.7L,cummins,,"{""year"": ""2020"", ""make"": ""Dodge/Ram"", ""model"": """", ""engine"": ""6.7L Cummins"", ""display_name"": ""2020 Dodge/Ram 6.7L Cummins""}"
2020 Sprinter 2.0L,2020-sprinter-2-0l,gid://shopify/Metaobject/279919624557,fitment_vehicle,,2026-01-31T01:11:39Z,2020,sprinter,2.0L,,,"{""year"": ""2020"", ""make"": ""Sprinter"", ""model"": """", ""engine"": ""2.0L"", ""display_name"": ""2020 Sprinter 2.0L""}"
2020 Sprinter 3.0L,2020-sprinter-3-0l,gid://shopify/Metaobject/279919657325,fitment_vehicle,,2026-01-31T01:11:40Z,2020,sprinter,3.0L,,,"{""year"": ""2020"", ""make"": ""Sprinter"", ""model"": """", ""engine"": ""3.0L"", ""display_name"": ""2020 Sprinter 3.0L""}"
2021 Chevrolet 2.8L Duramax LWN,2021-chevrolet-2-8l-duramax-lwn,gid://shopify/Metaobject/279912808813,fitment_vehicle,,2026-01-31T01:09:43Z,2021,chevrolet,2.8L,duramax,LWN,"{""year"": ""2021"", ""make"": ""Chevrolet"", ""model"": """", ""engine"": ""2.8L Duramax LWN"", ""display_name"": ""2021 Chevrolet 2.8L Duramax LWN""}"
2021 Chevrolet 3.0L Duramax,2021-chevrolet-3-0l-duramax,gid://shopify/Metaobject/279919165805,fitment_vehicle,,2026-01-31T01:11:32Z,2021,chevrolet,3.0L,duramax,,"{""year"": ""2021"", ""make"": ""Chevrolet"", ""model"": """", ""engine"": ""3.0L Duramax"", ""display_name"": ""2021 Chevrolet 3.0L Duramax""}"
2021 Chevrolet 6.6L Duramax L5P,2021-chevrolet-6-6l-duramax-l5p,gid://shopify/Metaobject/279914578285,fitment_vehicle,,2026-01-31T01:10:13Z,2021,chevrolet,6.6L,duramax,L5P,"{""year"": ""2021"", ""make"": ""Chevrolet"", ""model"": """", ""engine"": ""6.6L Duramax L5P"", ""display_name"": ""2021 Chevrolet 6.6L Duramax L5P""}"
2021 Ford 3.0L Powerstroke,2021-ford-3-0l-powerstroke,gid://shopify/Metaobject/279917953389,fitment_vehicle,,2026-01-31T01:11:11Z,2021,ford,3.0L,powerstroke,,"{""year"": ""2021"", ""make"": ""Ford"", ""model"": """", ""engine"": ""3.0L Powerstroke"", ""display_name"": ""2021 Ford 3.0L Powerstroke""}"
2021 Ford 6.7L Powerstroke,2021-ford-6-7l-powerstroke,gid://shopify/Metaobject/279914414445,fitment_vehicle,,2026-01-31T01:10:10Z,2021,ford,6.7L,powerstroke,,"{""year"": ""2021"", ""make"": ""Ford"", ""model"": """", ""engine"": ""6.7L Powerstroke"", ""display_name"": ""2021 Ford 6.7L Powerstroke""}"
2021 GMC 2.8L Duramax LWN,2021-gmc-2-8l-duramax-lwn,gid://shopify/Metaobject/279914217837,fitment_vehicle,,2026-01-31T01:10:07Z,2021,gmc,2.8L,duramax,LWN,"{""year"": ""2021"", ""make"": ""GMC"", ""model"": """", ""engine"": ""2.8L Duramax LWN"", ""display_name"": ""2021 GMC 2.8L Duramax LWN""}"
2021 GMC 3.0L Duramax,2021-gmc-3-0l-duramax,gid://shopify/Metaobject/279919198573,fitment_vehicle,,2026-01-31T01:11:33Z,2021,gmc,3.0L,duramax,,"{""year"": ""2021"", ""make"": ""GMC"", ""model"": """", ""engine"": ""3.0L Duramax"", ""display_name"": ""2021 GMC 3.0L Duramax""}"
2021 GMC 6.6L Duramax L5P,2021-gmc-6-6l-duramax-l5p,gid://shopify/Metaobject/279914611053,fitment_vehicle,,2026-01-31T01:10:14Z,2021,gmc,6.6L,duramax,L5P,"{""year"": ""2021"", ""make"": ""GMC"", ""model"": """", ""engine"": ""6.6L Duramax L5P"", ""display_name"": ""2021 GMC 6.6L Duramax L5P""}"
2021 Jeep Gladiator JT 3.0L EcoDiesel,2021-jeep-gladiator-jt-3-0l-ecodiesel,gid://shopify/Metaobject/279916642669,fitment_vehicle,,2026-01-31T01:10:49Z,2021,jeep,3.0L,ecodiesel,JT,"{""year"": ""2021"", ""make"": ""Jeep"", ""model"": ""Gladiator JT"", ""engine"": ""3.0L EcoDiesel"", ""display_name"": ""2021 Jeep Gladiator JT 3.0L EcoDiesel""}"
2021 Jeep Wrangler JL 3.0L EcoDiesel,2021-jeep-wrangler-jl-3-0l-ecodiesel,gid://shopify/Metaobject/279916675437,fitment_vehicle,,2026-01-31T01:10:50Z,2021,jeep,3.0L,ecodiesel,JL,"{""year"": ""2021"", ""make"": ""Jeep"", ""model"": ""Wrangler JL"", ""engine"": ""3.0L EcoDiesel"", ""display_name"": ""2021 Jeep Wrangler JL 3.0L EcoDiesel""}"
2021 Dodge/Ram 3.0L EcoDiesel,2021-dodge-ram-3-0l-ecodiesel,gid://shopify/Metaobject/279916544365,fitment_vehicle,,2026-01-31T01:10:47Z,2021,ram,3.0L,ecodiesel,,"{""year"": ""2021"", ""make"": ""Dodge/Ram"", ""model"": """", ""engine"": ""3.0L EcoDiesel"", ""display_name"": ""2021 Dodge/Ram 3.0L EcoDiesel""}"
2021 Dodge/Ram 6.7L Cummins,2021-dodge-ram-6-7l-cummins,gid://shopify/Metaobject/279912513901,fitment_vehicle,,2026-01-31T01:09:38Z,2021,ram,6.7L,cummins,,"{""year"": ""2021"", ""make"": ""Dodge/Ram"", ""model"": """", ""engine"": ""6.7L Cummins"", ""display_name"": ""2021 Dodge/Ram 6.7L Cummins""}"
2021 Sprinter 2.0L,2021-sprinter-2-0l,gid://shopify/Metaobject/279919690093,fitment_vehicle,,2026-01-31T01:11:40Z,2021,sprinter,2.0L,,,"{""year"": ""2021"", ""make"": ""Sprinter"", ""model"": """", ""engine"": ""2.0L"", ""display_name"": ""2021 Sprinter 2.0L""}"
2021 Sprinter 3.0L,2021-sprinter-3-0l,gid://shopify/Metaobject/279919722861,fitment_vehicle,,2026-01-31T01:11:41Z,2021,sprinter,3.0L,,,"{""year"": ""2021"", ""make"": ""Sprinter"", ""model"": """", ""engine"": ""3.0L"", ""display_name"": ""2021 Sprinter 3.0L""}"
2022 Chevrolet 2.8L Duramax LWN,2022-chevrolet-2-8l-duramax-lwn,gid://shopify/Metaobject/279912841581,fitment_vehicle,,2026-01-31T01:09:43Z,2022,chevrolet,2.8L,duramax,LWN,"{""year"": ""2022"", ""make"": ""Chevrolet"", ""model"": """", ""engine"": ""2.8L Duramax LWN"", ""display_name"": ""2022 Chevrolet 2.8L Duramax LWN""}"
2022 Chevrolet 3.0L Duramax,2022-chevrolet-3-0l-duramax,gid://shopify/Metaobject/279919231341,fitment_vehicle,,2026-01-31T01:11:33Z,2022,chevrolet,3.0L,duramax,,"{""year"": ""2022"", ""make"": ""Chevrolet"", ""model"": """", ""engine"": ""3.0L Duramax"", ""display_name"": ""2022 Chevrolet 3.0L Duramax""}"
2022 Chevrolet 6.6L Duramax L5P,2022-chevrolet-6-6l-duramax-l5p,gid://shopify/Metaobject/279914643821,fitment_vehicle,,2026-01-31T01:10:14Z,2022,chevrolet,6.6L,duramax,L5P,"{""year"": ""2022"", ""make"": ""Chevrolet"", ""model"": """", ""engine"": ""6.6L Duramax L5P"", ""display_name"": ""2022 Chevrolet 6.6L Duramax L5P""}"
2022 Ford 6.7L Powerstroke,2022-ford-6-7l-powerstroke,gid://shopify/Metaobject/279914447213,fitment_vehicle,,2026-01-31T01:10:11Z,2022,ford,6.7L,powerstroke,,"{""year"": ""2022"", ""make"": ""Ford"", ""model"": """", ""engine"": ""6.7L Powerstroke"", ""display_name"": ""2022 Ford 6.7L Powerstroke""}"
2022 GMC 2.8L Duramax LWN,2022-gmc-2-8l-duramax-lwn,gid://shopify/Metaobject/279914479981,fitment_vehicle,,2026-01-31T01:10:12Z,2022,gmc,2.8L,duramax,LWN,"{""year"": ""2022"", ""make"": ""GMC"", ""model"": """", ""engine"": ""2.8L Duramax LWN"", ""display_name"": ""2022 GMC 2.8L Duramax LWN""}"
2022 GMC 3.0L Duramax,2022-gmc-3-0l-duramax,gid://shopify/Metaobject/279919264109,fitment_vehicle,,2026-01-31T01:11:34Z,2022,gmc,3.0L,duramax,,"{""year"": ""2022"", ""make"": ""GMC"", ""model"": """", ""engine"": ""3.0L Duramax"", ""display_name"": ""2022 GMC 3.0L Duramax""}"
2022 GMC 6.6L Duramax L5P,2022-gmc-6-6l-duramax-l5p,gid://shopify/Metaobject/279914676589,fitment_vehicle,,2026-01-31T01:10:15Z,2022,gmc,6.6L,duramax,L5P,"{""year"": ""2022"", ""make"": ""GMC"", ""model"": """", ""engine"": ""6.6L Duramax L5P"", ""display_name"": ""2022 GMC 6.6L Duramax L5P""}"
2022 Jeep Gladiator JT 3.0L EcoDiesel,2022-jeep-gladiator-jt-3-0l-ecodiesel,gid://shopify/Metaobject/279916708205,fitment_vehicle,,2026-01-31T01:10:50Z,2022,jeep,3.0L,ecodiesel,JT,"{""year"": ""2022"", ""make"": ""Jeep"", ""model"": ""Gladiator JT"", ""engine"": ""3.0L EcoDiesel"", ""display_name"": ""2022 Jeep Gladiator JT 3.0L EcoDiesel""}"
2022 Jeep Wrangler JL 3.0L EcoDiesel,2022-jeep-wrangler-jl-3-0l-ecodiesel,gid://shopify/Metaobject/279916740973,fitment_vehicle,,2026-01-31T01:10:51Z,2022,jeep,3.0L,ecodiesel,JL,"{""year"": ""2022"", ""make"": ""Jeep"", ""model"": ""Wrangler JL"", ""engine"": ""3.0L EcoDiesel"", ""display_name"": ""2022 Jeep Wrangler JL 3.0L EcoDiesel""}"
2022 Dodge/Ram 3.0L EcoDiesel,2022-dodge-ram-3-0l-ecodiesel,gid://shopify/Metaobject/279916577133,fitment_vehicle,,2026-01-31T01:10:48Z,2022,ram,3.0L,ecodiesel,,"{""year"": ""2022"", ""make"": ""Dodge/Ram"", ""model"": """", ""engine"": ""3.0L EcoDiesel"", ""display_name"": ""2022 Dodge/Ram 3.0L EcoDiesel""}"
2022 Dodge/Ram 6.7L Cummins,2022-dodge-ram-6-7l-cummins,gid://shopify/Metaobject/279912546669,fitment_vehicle,,2026-01-31T01:09:38Z,2022,ram,6.7L,cummins,,"{""year"": ""2022"", ""make"": ""Dodge/Ram"", ""model"": """", ""engine"": ""6.7L Cummins"", ""display_name"": ""2022 Dodge/Ram 6.7L Cummins""}"
2022 Sprinter 2.0L,2022-sprinter-2-0l,gid://shopify/Metaobject/279919755629,fitment_vehicle,,2026-01-31T01:11:41Z,2022,sprinter,2.0L,,,"{""year"": ""2022"", ""make"": ""Sprinter"", ""model"": """", ""engine"": ""2.0L"", ""display_name"": ""2022 Sprinter 2.0L""}"
2022 Sprinter 3.0L,2022-sprinter-3-0l,gid://shopify/Metaobject/279919788397,fitment_vehicle,,2026-01-31T01:11:42Z,2022,sprinter,3.0L,,,"{""year"": ""2022"", ""make"": ""Sprinter"", ""model"": """", ""engine"": ""3.0L"", ""display_name"": ""2022 Sprinter 3.0L""}"
2023 Chevrolet 3.0L Duramax,2023-chevrolet-3-0l-duramax,gid://shopify/Metaobject/279919329645,fitment_vehicle,,2026-01-31T01:11:35Z,2023,chevrolet,3.0L,duramax,,"{""year"": ""2023"", ""make"": ""Chevrolet"", ""model"": """", ""engine"": ""3.0L Duramax"", ""display_name"": ""2023 Chevrolet 3.0L Duramax""}"
2023 Chevrolet 6.6L Duramax L5P,2023-chevrolet-6-6l-duramax-l5p,gid://shopify/Metaobject/279914709357,fitment_vehicle,,2026-01-31T01:10:16Z,2023,chevrolet,6.6L,duramax,L5P,"{""year"": ""2023"", ""make"": ""Chevrolet"", ""model"": """", ""engine"": ""6.6L Duramax L5P"", ""display_name"": ""2023 Chevrolet 6.6L Duramax L5P""}"
2023 Ford 6.7L Powerstroke,2023-ford-6-7l-powerstroke,gid://shopify/Metaobject/279916183917,fitment_vehicle,,2026-01-31T01:10:41Z,2023,ford,6.7L,powerstroke,,"{""year"": ""2023"", ""make"": ""Ford"", ""model"": """", ""engine"": ""6.7L Powerstroke"", ""display_name"": ""2023 Ford 6.7L Powerstroke""}"
2023 GMC 3.0L Duramax,2023-gmc-3-0l-duramax,gid://shopify/Metaobject/279919362413,fitment_vehicle,,2026-01-31T01:11:35Z,2023,gmc,3.0L,duramax,,"{""year"": ""2023"", ""make"": ""GMC"", ""model"": """", ""engine"": ""3.0L Duramax"", ""display_name"": ""2023 GMC 3.0L Duramax""}"
2023 GMC 6.6L Duramax L5P,2023-gmc-6-6l-duramax-l5p,gid://shopify/Metaobject/279914742125,fitment_vehicle,,2026-01-31T01:10:16Z,2023,gmc,6.6L,duramax,L5P,"{""year"": ""2023"", ""make"": ""GMC"", ""model"": """", ""engine"": ""6.6L Duramax L5P"", ""display_name"": ""2023 GMC 6.6L Duramax L5P""}"
2023 Jeep Gladiator JT 3.0L EcoDiesel,2023-jeep-gladiator-jt-3-0l-ecodiesel,gid://shopify/Metaobject/279916806509,fitment_vehicle,,2026-01-31T01:10:52Z,2023,jeep,3.0L,ecodiesel,JT,"{""year"": ""2023"", ""make"": ""Jeep"", ""model"": ""Gladiator JT"", ""engine"": ""3.0L EcoDiesel"", ""display_name"": ""2023 Jeep Gladiator JT 3.0L EcoDiesel""}"
2023 Jeep Wrangler JL 3.0L EcoDiesel,2023-jeep-wrangler-jl-3-0l-ecodiesel,gid://shopify/Metaobject/279916839277,fitment_vehicle,,2026-01-31T01:10:52Z,2023,jeep,3.0L,ecodiesel,JL,"{""year"": ""2023"", ""make"": ""Jeep"", ""model"": ""Wrangler JL"", ""engine"": ""3.0L EcoDiesel"", ""display_name"": ""2023 Jeep Wrangler JL 3.0L EcoDiesel""}"
2023 Dodge/Ram 3.0L EcoDiesel,2023-dodge-ram-3-0l-ecodiesel,gid://shopify/Metaobject/279916773741,fitment_vehicle,,2026-01-31T01:10:51Z,2023,ram,3.0L,ecodiesel,,"{""year"": ""2023"", ""make"": ""Dodge/Ram"", ""model"": """", ""engine"": ""3.0L EcoDiesel"", ""display_name"": ""2023 Dodge/Ram 3.0L EcoDiesel""}"
2023 Dodge/Ram 6.7L Cummins,2023-dodge-ram-6-7l-cummins,gid://shopify/Metaobject/279912579437,fitment_vehicle,,2026-01-31T01:09:39Z,2023,ram,6.7L,cummins,,"{""year"": ""2023"", ""make"": ""Dodge/Ram"", ""model"": """", ""engine"": ""6.7L Cummins"", ""display_name"": ""2023 Dodge/Ram 6.7L Cummins""}"
2023 Sprinter 2.0L,2023-sprinter-2-0l,gid://shopify/Metaobject/279919919469,fitment_vehicle,,2026-01-31T01:11:44Z,2023,sprinter,2.0L,,,"{""year"": ""2023"", ""make"": ""Sprinter"", ""model"": """", ""engine"": ""2.0L"", ""display_name"": ""2023 Sprinter 2.0L""}"
2023 Sprinter 3.0L,2023-sprinter-3-0l,gid://shopify/Metaobject/279919853933,fitment_vehicle,,2026-01-31T01:11:43Z,2023,sprinter,3.0L,,,"{""year"": ""2023"", ""make"": ""Sprinter"", ""model"": """", ""engine"": ""3.0L"", ""display_name"": ""2023 Sprinter 3.0L""}"
2024 Chevrolet 3.0L Duramax,2024-chevrolet-3-0l-duramax,gid://shopify/Metaobject/279919395181,fitment_vehicle,,2026-01-31T01:11:36Z,2024,chevrolet,3.0L,duramax,,"{""year"": ""2024"", ""make"": ""Chevrolet"", ""model"": """", ""engine"": ""3.0L Duramax"", ""display_name"": ""2024 Chevrolet 3.0L Duramax""}"
2024 Chevrolet 6.6L Duramax L5P,2024-chevrolet-6-6l-duramax-l5p,gid://shopify/Metaobject/279916872045,fitment_vehicle,,2026-01-31T01:10:53Z,2024,chevrolet,6.6L,duramax,L5P,"{""year"": ""2024"", ""make"": ""Chevrolet"", ""model"": """", ""engine"": ""6.6L Duramax L5P"", ""display_name"": ""2024 Chevrolet 6.6L Duramax L5P""}"
2024 Ford 6.7L Powerstroke,2024-ford-6-7l-powerstroke,gid://shopify/Metaobject/279916216685,fitment_vehicle,,2026-01-31T01:10:42Z,2024,ford,6.7L,powerstroke,,"{""year"": ""2024"", ""make"": ""Ford"", ""model"": """", ""engine"": ""6.7L Powerstroke"", ""display_name"": ""2024 Ford 6.7L Powerstroke""}"
2024 GMC 3.0L Duramax,2024-gmc-3-0l-duramax,gid://shopify/Metaobject/279919460717,fitment_vehicle,,2026-01-31T01:11:36Z,2024,gmc,3.0L,duramax,,"{""year"": ""2024"", ""make"": ""GMC"", ""model"": """", ""engine"": ""3.0L Duramax"", ""display_name"": ""2024 GMC 3.0L Duramax""}"
2024 GMC 6.6L Duramax L5P,2024-gmc-6-6l-duramax-l5p,gid://shopify/Metaobject/279916904813,fitment_vehicle,,2026-01-31T01:10:53Z,2024,gmc,6.6L,duramax,L5P,"{""year"": ""2024"", ""make"": ""GMC"", ""model"": """", ""engine"": ""6.6L Duramax L5P"", ""display_name"": ""2024 GMC 6.6L Duramax L5P""}"
2024 Dodge/Ram 3.0L EcoDiesel,2024-dodge-ram-3-0l-ecodiesel,gid://shopify/Metaobject/279920116077,fitment_vehicle,,2026-01-31T01:11:48Z,2024,ram,3.0L,ecodiesel,,"{""year"": ""2024"", ""make"": ""Dodge/Ram"", ""model"": """", ""engine"": ""3.0L EcoDiesel"", ""display_name"": ""2024 Dodge/Ram 3.0L EcoDiesel""}"
2024 Dodge/Ram 6.7L Cummins,2024-dodge-ram-6-7l-cummins,gid://shopify/Metaobject/279912612205,fitment_vehicle,,2026-01-31T01:09:40Z,2024,ram,6.7L,cummins,,"{""year"": ""2024"", ""make"": ""Dodge/Ram"", ""model"": """", ""engine"": ""6.7L Cummins"", ""display_name"": ""2024 Dodge/Ram 6.7L Cummins""}"
2024 Sprinter 2.0L,2024-sprinter-2-0l,gid://shopify/Metaobject/279919952237,fitment_vehicle,,2026-01-31T01:11:45Z,2024,sprinter,2.0L,,,"{""year"": ""2024"", ""make"": ""Sprinter"", ""model"": """", ""engine"": ""2.0L"", ""display_name"": ""2024 Sprinter 2.0L""}"
2024 Sprinter 3.0L,2024-sprinter-3-0l,gid://shopify/Metaobject/279919886701,fitment_vehicle,,2026-01-31T01:11:44Z,2024,sprinter,3.0L,,,"{""year"": ""2024"", ""make"": ""Sprinter"", ""model"": """", ""engine"": ""3.0L"", ""display_name"": ""2024 Sprinter 3.0L""}"
2025 Chevrolet 3.0L Duramax,2025-chevrolet-3-0l-duramax,gid://shopify/Metaobject/279919493485,fitment_vehicle,,2026-01-31T01:11:37Z,2025,chevrolet,3.0L,duramax,,"{""year"": ""2025"", ""make"": ""Chevrolet"", ""model"": """", ""engine"": ""3.0L Duramax"", ""display_name"": ""2025 Chevrolet 3.0L Duramax""}"
2025 Chevrolet 6.6L Duramax L5P,2025-chevrolet-6-6l-duramax-l5p,gid://shopify/Metaobject/279916937581,fitment_vehicle,,2026-01-31T01:10:54Z,2025,chevrolet,6.6L,duramax,L5P,"{""year"": ""2025"", ""make"": ""Chevrolet"", ""model"": """", ""engine"": ""6.6L Duramax L5P"", ""display_name"": ""2025 Chevrolet 6.6L Duramax L5P""}"
2025 Ford 6.7L Powerstroke,2025-ford-6-7l-powerstroke,gid://shopify/Metaobject/279917003117,fitment_vehicle,,2026-01-31T01:10:55Z,2025,ford,6.7L,powerstroke,,"{""year"": ""2025"", ""make"": ""Ford"", ""model"": """", ""engine"": ""6.7L Powerstroke"", ""display_name"": ""2025 Ford 6.7L Powerstroke""}"
2025 GMC 3.0L Duramax,2025-gmc-3-0l-duramax,gid://shopify/Metaobject/279919526253,fitment_vehicle,,2026-01-31T01:11:37Z,2025,gmc,3.0L,duramax,,"{""year"": ""2025"", ""make"": ""GMC"", ""model"": """", ""engine"": ""3.0L Duramax"", ""display_name"": ""2025 GMC 3.0L Duramax""}"
2025 GMC 6.6L Duramax L5P,2025-gmc-6-6l-duramax-l5p,gid://shopify/Metaobject/279916970349,fitment_vehicle,,2026-01-31T01:10:55Z,2025,gmc,6.6L,duramax,L5P,"{""year"": ""2025"", ""make"": ""GMC"", ""model"": """", ""engine"": ""6.6L Duramax L5P"", ""display_name"": ""2025 GMC 6.6L Duramax L5P""}"
2025 Dodge/Ram 3.0L EcoDiesel,2025-dodge-ram-3-0l-ecodiesel,gid://shopify/Metaobject/279920345453,fitment_vehicle,,2026-01-31T01:11:51Z,2025,ram,3.0L,ecodiesel,,"{""year"": ""2025"", ""make"": ""Dodge/Ram"", ""model"": """", ""engine"": ""3.0L EcoDiesel"", ""display_name"": ""2025 Dodge/Ram 3.0L EcoDiesel""}"
2025 Dodge/Ram 6.7L Cummins,2025-dodge-ram-6-7l-cummins,gid://shopify/Metaobject/279916446061,fitment_vehicle,,2026-01-31T01:10:45Z,2025,ram,6.7L,cummins,,"{""year"": ""2025"", ""make"": ""Dodge/Ram"", ""model"": """", ""engine"": ""6.7L Cummins"", ""display_name"": ""2025 Dodge/Ram 6.7L Cummins""}"
2025 Sprinter 2.0L,2025-sprinter-2-0l,gid://shopify/Metaobject/279920148845,fitment_vehicle,,2026-01-31T01:11:48Z,2025,sprinter,2.0L,,,"{""year"": ""2025"", ""make"": ""Sprinter"", ""model"": """", ""engine"": ""2.0L"", ""display_name"": ""2025 Sprinter 2.0L""}"
2026 Chevrolet 3.0L Duramax,2026-chevrolet-3-0l-duramax,gid://shopify/Metaobject/279919985005,fitment_vehicle,,2026-01-31T01:11:45Z,2026,chevrolet,3.0L,duramax,,"{""year"": ""2026"", ""make"": ""Chevrolet"", ""model"": """", ""engine"": ""3.0L Duramax"", ""display_name"": ""2026 Chevrolet 3.0L Duramax""}"
2026 Chevrolet 6.6L Duramax L5P,2026-chevrolet-6-6l-duramax-l5p,gid://shopify/Metaobject/279920312685,fitment_vehicle,,2026-01-31T01:11:51Z,2026,chevrolet,6.6L,duramax,L5P,"{""year"": ""2026"", ""make"": ""Chevrolet"", ""model"": """", ""engine"": ""6.6L Duramax L5P"", ""display_name"": ""2026 Chevrolet 6.6L Duramax L5P""}"
2026 Ford 6.7L Powerstroke,2026-ford-6-7l-powerstroke,gid://shopify/Metaobject/279917035885,fitment_vehicle,,2026-01-31T01:10:56Z,2026,ford,6.7L,powerstroke,,"{""year"": ""2026"", ""make"": ""Ford"", ""model"": """", ""engine"": ""6.7L Powerstroke"", ""display_name"": ""2026 Ford 6.7L Powerstroke""}"
2026 GMC 3.0L Duramax,2026-gmc-3-0l-duramax,gid://shopify/Metaobject/279920017773,fitment_vehicle,,2026-01-31T01:11:46Z,2026,gmc,3.0L,duramax,,"{""year"": ""2026"", ""make"": ""GMC"", ""model"": """", ""engine"": ""3.0L Duramax"", ""display_name"": ""2026 GMC 3.0L Duramax""}"
2026 GMC 6.6L Duramax L5P,2026-gmc-6-6l-duramax-l5p,gid://shopify/Metaobject/279919559021,fitment_vehicle,,2026-01-31T01:11:38Z,2026,gmc,6.6L,duramax,L5P,"{""year"": ""2026"", ""make"": ""GMC"", ""model"": """", ""engine"": ""6.6L Duramax L5P"", ""display_name"": ""2026 GMC 6.6L Duramax L5P""}"
2026 Dodge/Ram 6.7L Cummins,2026-dodge-ram-6-7l-cummins,gid://shopify/Metaobject/279919034733,fitment_vehicle,,2026-01-31T01:11:30Z,2026,ram,6.7L,cummins,,"{""year"": ""2026"", ""make"": ""Dodge/Ram"", ""model"": """", ""engine"": ""6.7L Cummins"", ""display_name"": ""2026 Dodge/Ram 6.7L Cummins""}"
