EL,Product Subtype,,
Air Compressors,,,
,,,
Air Horn Kits,,,
Antennas,,,
Apparel,,,
Automatic Transmission,,,
,Automatic Transmission Fluid,,
,Case Braces,,
,Transmission Dipstick,,
,Flex Plates,,
,PTO Covers,,
,Rebuild Kits,,
,Service Kits,,
,Shafts,,
,Shift Handles,,
,Shift Kits,,
,Torque Converters,,
,Transmission Electronics,,
,Transmission Filters,,
,Transmission Packages,,
,Transmission Pans,Transmission Pans / Differential Covers,
,Valve Bodies,,
Axles & Differentials,,,
,2 Low Unlock,,
,Axles,,
,Ball Joints,,
,Carrier Upgrades,,
,Differential Covers,Transmission Pans / Differential Covers,
,Differential Rebuild Kits,,
,Carrier Bearings / Drivelines,,
,Gear Oil,,
,Hubs,,
,Ring & Pinion,,
,Steering Knuckles,,
,Truss,,
,U-Joints,,
Bed Accessories,,,
,Bed Rails,,
,Bed Racks,,
,Cargo Tie Downs,,
,Cargo Slides,,
,Fridge / Freezers,,
,Headache Racks,,
,Spare Tire Mounts,,
,Tents,,
,Tool Boxes,,
Body Mounts,,,
Brakes,,Brakes / Rotors,
,Brake Lines,,
,Brake Pads,,
,Brake Rotors,,
,Master Cylinders,,
,Rotor & Pad Packages,,
Bumpers,,,
Cab Interior Upgrades & Fixes,,,
,Blend Doors & HVAC,,
,Dash Tops,,
,Door Handles,,
,Door Lenses,,
,Floor Mats,,
,Storage,,
Cold Air Intakes & Air Filters,,,
,Air Filters,Diagnostics - Maintenance - Filters,
,Air Intake Piping,,
,Cold Air Intakes,,
,Filter Cleaning Kits,,
,Particle Separators,,
,Snorkels,,
,Turbo Resonator Deletes,,
Diagnostics,,Diagnostics - Maintenance - Filters,
Electrical Components,,Electrical Components,
,Alternators,,
,Batteries,,
,Brake Controllers,,
,Battery Cables,,
,Distribution Panel,,
,Idle Control Kits,,
,Instrument Clusters,,
,Sensors / Electrical,,
,Trailer Wiring,,
Emblems,,,
Emergency Engine Shutdown,,,
Engine Components,,,
,Belts / Pulleys / Fans,,
,Block Heaters,,
,Camshafts,,
,Coolant Bypass Kits,,
,Crank Case Vent,,
,Cylinder Head,,
,Dipstick Related,,
,Engine Blocks,,
,Engine Mounts,,
,Engine Oil Drain Plugs,,
,Engine Oil Pans,,
,Engine Oil Filters,,
,Engine Oil Cap,,
,Engine Oil Catch Cans,,
,Engine Oil,Diagnostics - Maintenance - Filters,
,Engine Rebuild Kits,,
,Freeze Plugs,,
,Gaskets,,
,Girdles,,
,Glow Plugs,,
,Harmonic Dampers,,
,Heat Shields,,
,Lifters,,
,Oil Coolers,,
,Oil Pumps,,
,Pistons,,
,Rocker Arms,,
,Studs / Bolts / Hardware,,
,Water Pumps,,
,Vacuum Pumps,,
,Engine Covers,,
,Tappets / Push Rods,,
,Valve Bridges,,
,Valve Springs,,
Exhaust Brakes / Engine Brakes,,,
Exhaust,,,
,Adapters,,
,EGR Coolers / EGR Valves,,
,Clamps,,
,Downpipes,,
,Exhaust Emissions,,
,Exhaust Kits,,
,Mufflers / Resonators,,
,Tips,,
,Exhaust Manifolds,,
,Up Pipes,,
,Heat Wrap,,
Exterior Trim Accessories,,,
Fender Flares / Fender Clearancing,,,
Fuel Related,,,
,Distribution Blocks / Filter Deletes,,
,Fuel Additive,,
,Fuel Caps,,
,Fuel Filters,Diagnostics - Maintenance - Filters,
,Fuel Heaters,,
,Fuel Modules,,
,Fuel Lines and Fittings,,
,Fuel Tank Sumps,,
,Fuel Tanks,,
,Fuel Tank Sending Units,,
,Injection Pumps,,
,Injector Related,,
,Lift Pumps,,
,Regulated Return Kits,,
Gauges,,,
,Axle Temperature Gauges,,
,Axle Load Gauges,,
,Digital Monitors,,
,Gauge Packages,,
,Gauge Mounts,,
,Pyrometer (EGT) Gauges,,
,Boost Gauges,,
,Drive Pressure Gauges,,
,Factory Instrument Clusters,,
,Fuel Pressure Gauges,,
,Fuel Temperature Gauges,,
,Rail Pressure Gauges,,
,Gauge Accessories,,
,Nitrous Pressure Gauges,,
,Oil Pressure Gauges,,
,Oil Temperature Gauges,,
,Speedometers,,
,Tachometer Gauges,,
,Transmission Pressure Gauges,,
,Transmission Temperature Gauges,,
,Voltmeter Gauges,,
,Water Pressure Gauges,,
,Water Temperature Gauges,,
Grilles,,,
Hitches,,Hitches - Towing,
Hood Related,,,
Intake Manifolds,,,
Intercoolers / Radiators / Condensers,,,
,Antifreeze,,
,Coolant / Coolant Additive,,
,Hose Clamps,,
,Coolant Filter Kits,,
,Intercooler Pipes / Hoses,,
,Intercoolers,,
,Radiators,,
,Transmission Coolers,,
,Transmission Cooler Bypass,,
,Transmission Lines,,
,Thermostats,,
,Coolant Pumps,,
,Coolant Hoses,,
,Coolant Tanks,,
Jacks,,Diagnostics - Maintenance - Filters,Overlanding - Camping
Lighting,,,
,Auxiliary Lighting,,
,Auxiliary Light Mounts,,
,Bulbs,,
,Cab Lights,,
,Fender Lights,,
,Fog Lights,,
,Headlights,,
,Interior Lighting,,
,Light Covers,,
,Mirror Lighting,,
,Tailgate Light Bars,,
,Taillights,,
,Third Brake Lights,,
,Wiring Harnesses,,
Manual Transmission,,,
,Short Shift Kits,,
,Input Shafts,,
,Single Disc Clutches,,
,Dual Disc Clutches,,
,Manual Transmission Fluid,,
,Shift Handles,,
,Throw Out Bearings,,
,Triple Disc Clutches,,
,Transmission Packages,,
,Hydraulics,,
,Flywheels,,
,Starter Spacers,,
Nitrous Oxide Injection,,,
Programmers / Chips / Tuners,,,
,Throttle Controllers,,
Running Boards & Steps,,Vehicle Accessories,
Skid Plates,,,
Splash Guards,,Hitches - Towing,
Suspension & Steering,,,
,Air Bags,,
,Bumpstops,,
,Cam Caster Adjusters,,
,Coil Springs,,
,Control Arms / Radius Arms,,
,Grease,,
,Hydraulic Assist,,
,Idler Arms,,
,Leaf Springs,,
,Leaf Spring Blocks,,
,Limit Straps,,
,Pitman Arms,,
,Power Steering Pump,,
,Shocks / Coilovers,,
,Steering Stabilizers,,
,Steering Gear Box,,
,Steering Shafts,,
,Lift & Leveling Kits,,
,Sway Bar Related,,
,Tie Rods & Steering Linkage,,
,Track Bars,,
,Traction Bars,,
,,,
Tool Trays,,Diagnostics - Maintenance - Filters,
Traction Boards,,Vehicle Accessories,
Transfer Case,,,
,4WD Actuators,,
,Complete Assemblies,,
,Drain Plugs,,
,Indexing Rings / Drops Kits,,
,Pump Upgrades,,
,Skid Plates,,
Turbos & Accessories,,,
,Actuators,,
,Cartridges,,
,Complete Turbos,,
,Housings,,
,Installation Kits,,
,Overboost Kit,,
,Pedestals,,
,Rebuild Kits,,
,Turbo Blankets,,
,Turbo Electronics,,
,Turbo Oil & Coolant Lines,,
,Turbo Wheels,,
,Wastegates,,
Water Methanol Injection,,,
Water Tanks,,,
Wheel & Tire,,,
,Speedometer Calibrator,,
,Wheel & Tire Tools,,
,TPMS / Valve Stems,,
,Wheel Spacers,,
,Wheels,,
Winches / Recovery Straps,,Overlanding ? Camping,Vehicle Accessories
Wiper Blades,,,
,,,
,,,
,,CARB,
