8526,Vehicles & Parts,Vehicle Parts & Accessories,Motor Vehicle Electronics,,,
505766,Vehicles & Parts,Vehicle Parts & Accessories,Motor Vehicle Electronics,Motor Vehicle A/V Players & In-Dash Systems,,
891,Vehicles & Parts,Vehicle Parts & Accessories,Motor Vehicle Electronics,Motor Vehicle Amplifiers,,
5525,Vehicles & Parts,Vehicle Parts & Accessories,Motor Vehicle Electronics,Motor Vehicle Cassette Adapters,,
5438,Vehicles & Parts,Vehicle Parts & Accessories,Motor Vehicle Electronics,Motor Vehicle Cassette Players,,
894,Vehicles & Parts,Vehicle Parts & Accessories,Motor Vehicle Electronics,Motor Vehicle Equalizers & Crossovers,,
6968,Vehicles & Parts,Vehicle Parts & Accessories,Motor Vehicle Electronics,Motor Vehicle Parking Cameras,,
5572,Vehicles & Parts,Vehicle Parts & Accessories,Motor Vehicle Electronics,Motor Vehicle Speakerphones,,
895,Vehicles & Parts,Vehicle Parts & Accessories,Motor Vehicle Electronics,Motor Vehicle Speakers,,
2833,Vehicles & Parts,Vehicle Parts & Accessories,Motor Vehicle Electronics,Motor Vehicle Subwoofers,,
8483,Vehicles & Parts,Vehicle Parts & Accessories,Motor Vehicle Electronics,Motor Vehicle Video Monitor Mounts,,
899,Vehicles & Parts,Vehicle Parts & Accessories,Motor Vehicle Parts,,,
2977,Vehicles & Parts,Vehicle Parts & Accessories,Motor Vehicle Parts,Motor Vehicle Braking,,
8232,Vehicles & Parts,Vehicle Parts & Accessories,Motor Vehicle Parts,Motor Vehicle Carpet & Upholstery,,
2805,Vehicles & Parts,Vehicle Parts & Accessories,Motor Vehicle Parts,Motor Vehicle Climate Control,,
8235,Vehicles & Parts,Vehicle Parts & Accessories,Motor Vehicle Parts,Motor Vehicle Controls,,
2550,Vehicles & Parts,Vehicle Parts & Accessories,Motor Vehicle Parts,Motor Vehicle Engine Oil Circulation,,
2820,Vehicles & Parts,Vehicle Parts & Accessories,Motor Vehicle Parts,Motor Vehicle Engine Parts,,
8137,Vehicles & Parts,Vehicle Parts & Accessories,Motor Vehicle Parts,Motor Vehicle Engines,,
908,Vehicles & Parts,Vehicle Parts & Accessories,Motor Vehicle Parts,Motor Vehicle Exhaust,,
8227,Vehicles & Parts,Vehicle Parts & Accessories,Motor Vehicle Parts,Motor Vehicle Frame & Body Parts,,
2727,Vehicles & Parts,Vehicle Parts & Accessories,Motor Vehicle Parts,Motor Vehicle Fuel Systems,,
8233,Vehicles & Parts,Vehicle Parts & Accessories,Motor Vehicle Parts,Motor Vehicle Interior Fittings,,
3318,Vehicles & Parts,Vehicle Parts & Accessories,Motor Vehicle Parts,Motor Vehicle Lighting,,
2642,Vehicles & Parts,Vehicle Parts & Accessories,Motor Vehicle Parts,Motor Vehicle Mirrors,,
8231,Vehicles & Parts,Vehicle Parts & Accessories,Motor Vehicle Parts,Motor Vehicle Power & Electrical Systems,,
8238,Vehicles & Parts,Vehicle Parts & Accessories,Motor Vehicle Parts,Motor Vehicle Seating,,
8234,Vehicles & Parts,Vehicle Parts & Accessories,Motor Vehicle Parts,Motor Vehicle Sensors & Gauges,,
2935,Vehicles & Parts,Vehicle Parts & Accessories,Motor Vehicle Parts,Motor Vehicle Suspension Parts,,
8228,Vehicles & Parts,Vehicle Parts & Accessories,Motor Vehicle Parts,Motor Vehicle Towing,,
2641,Vehicles & Parts,Vehicle Parts & Accessories,Motor Vehicle Parts,Motor Vehicle Transmission & Drivetrain Parts,,
3020,Vehicles & Parts,Vehicle Parts & Accessories,Motor Vehicle Parts,Motor Vehicle Wheel Systems,,
2932,Vehicles & Parts,Vehicle Parts & Accessories,Motor Vehicle Parts,Motor Vehicle Wheel Systems,Motor Vehicle Rims & Wheels,
6090,Vehicles & Parts,Vehicle Parts & Accessories,Motor Vehicle Parts,Motor Vehicle Wheel Systems,Motor Vehicle Rims & Wheels,Automotive Rims & Wheels
6088,Vehicles & Parts,Vehicle Parts & Accessories,Motor Vehicle Parts,Motor Vehicle Wheel Systems,Motor Vehicle Rims & Wheels,Motorcycle Rims & Wheels
7253,Vehicles & Parts,Vehicle Parts & Accessories,Motor Vehicle Parts,Motor Vehicle Wheel Systems,Motor Vehicle Rims & Wheels,Off-Road and All-Terrain Vehicle Rims & Wheels
2989,Vehicles & Parts,Vehicle Parts & Accessories,Motor Vehicle Parts,Motor Vehicle Wheel Systems,Motor Vehicle Tire Accessories,
911,Vehicles & Parts,Vehicle Parts & Accessories,Motor Vehicle Parts,Motor Vehicle Wheel Systems,Motor Vehicle Tires,
6093,Vehicles & Parts,Vehicle Parts & Accessories,Motor Vehicle Parts,Motor Vehicle Wheel Systems,Motor Vehicle Tires,Automotive Tires
6091,Vehicles & Parts,Vehicle Parts & Accessories,Motor Vehicle Parts,Motor Vehicle Wheel Systems,Motor Vehicle Tires,Motorcycle Tires
7252,Vehicles & Parts,Vehicle Parts & Accessories,Motor Vehicle Parts,Motor Vehicle Wheel Systems,Motor Vehicle Tires,Off-Road and All-Terrain Vehicle Tires
2556,Vehicles & Parts,Vehicle Parts & Accessories,Motor Vehicle Parts,Motor Vehicle Wheel Systems,Motor Vehicle Wheel Parts,
2534,Vehicles & Parts,Vehicle Parts & Accessories,Motor Vehicle Parts,Motor Vehicle Window Parts & Accessories,,
913,Vehicles & Parts,Vehicle Parts & Accessories,"Vehicle Maintenance, Care & Decor",,,
8534,Vehicles & Parts,Vehicle Parts & Accessories,"Vehicle Maintenance, Care & Decor",Portable Fuel Cans,,
2895,Vehicles & Parts,Vehicle Parts & Accessories,"Vehicle Maintenance, Care & Decor",Vehicle Cleaning,,
2894,Vehicles & Parts,Vehicle Parts & Accessories,"Vehicle Maintenance, Care & Decor",Vehicle Cleaning,Car Wash Brushes,
2590,Vehicles & Parts,Vehicle Parts & Accessories,"Vehicle Maintenance, Care & Decor",Vehicle Cleaning,Car Wash Solutions,
2704,Vehicles & Parts,Vehicle Parts & Accessories,"Vehicle Maintenance, Care & Decor",Vehicle Cleaning,Vehicle Carpet & Upholstery Cleaners,
499766,Vehicles & Parts,Vehicle Parts & Accessories,"Vehicle Maintenance, Care & Decor",Vehicle Cleaning,Vehicle Fuel Injection Cleaning Kits,
2846,Vehicles & Parts,Vehicle Parts & Accessories,"Vehicle Maintenance, Care & Decor",Vehicle Cleaning,Vehicle Glass Cleaners,
2643,Vehicles & Parts,Vehicle Parts & Accessories,"Vehicle Maintenance, Care & Decor",Vehicle Cleaning,"Vehicle Waxes, Polishes & Protectants",
3436,Vehicles & Parts,Vehicle Parts & Accessories,"Vehicle Maintenance, Care & Decor",Vehicle Covers,,
8306,Vehicles & Parts,Vehicle Parts & Accessories,"Vehicle Maintenance, Care & Decor",Vehicle Covers,Golf Cart Enclosures,
8316,Vehicles & Parts,Vehicle Parts & Accessories,"Vehicle Maintenance, Care & Decor",Vehicle Covers,Motor Vehicle Windshield Covers,
8308,Vehicles & Parts,Vehicle Parts & Accessories,"Vehicle Maintenance, Care & Decor",Vehicle Covers,Tonneau Covers,
2494,Vehicles & Parts,Vehicle Parts & Accessories,"Vehicle Maintenance, Care & Decor",Vehicle Covers,Vehicle Hardtops,
7031,Vehicles & Parts,Vehicle Parts & Accessories,"Vehicle Maintenance, Care & Decor",Vehicle Covers,Vehicle Soft Tops,
8309,Vehicles & Parts,Vehicle Parts & Accessories,"Vehicle Maintenance, Care & Decor",Vehicle Covers,Vehicle Storage Covers,
8310,Vehicles & Parts,Vehicle Parts & Accessories,"Vehicle Maintenance, Care & Decor",Vehicle Covers,Vehicle Storage Covers,Automotive Storage Covers
8314,Vehicles & Parts,Vehicle Parts & Accessories,"Vehicle Maintenance, Care & Decor",Vehicle Covers,Vehicle Storage Covers,Golf Cart Storage Covers
8313,Vehicles & Parts,Vehicle Parts & Accessories,"Vehicle Maintenance, Care & Decor",Vehicle Covers,Vehicle Storage Covers,Motorcycle Storage Covers
8311,Vehicles & Parts,Vehicle Parts & Accessories,"Vehicle Maintenance, Care & Decor",Vehicle Covers,Vehicle Storage Covers,Recreational Vehicle Storage Covers
8312,Vehicles & Parts,Vehicle Parts & Accessories,"Vehicle Maintenance, Care & Decor",Vehicle Covers,Vehicle Storage Covers,Watercraft Storage Covers
2495,Vehicles & Parts,Vehicle Parts & Accessories,"Vehicle Maintenance, Care & Decor",Vehicle Decor,,
2667,Vehicles & Parts,Vehicle Parts & Accessories,"Vehicle Maintenance, Care & Decor",Vehicle Decor,Bumper Stickers,
2789,Vehicles & Parts,Vehicle Parts & Accessories,"Vehicle Maintenance, Care & Decor",Vehicle Decor,Vehicle Air Fresheners,
2588,Vehicles & Parts,Vehicle Parts & Accessories,"Vehicle Maintenance, Care & Decor",Vehicle Decor,Vehicle Antenna Balls,
2582,Vehicles & Parts,Vehicle Parts & Accessories,"Vehicle Maintenance, Care & Decor",Vehicle Decor,Vehicle Dashboard Accessories,
2722,Vehicles & Parts,Vehicle Parts & Accessories,"Vehicle Maintenance, Care & Decor",Vehicle Decor,Vehicle Decals,
8469,Vehicles & Parts,Vehicle Parts & Accessories,"Vehicle Maintenance, Care & Decor",Vehicle Decor,Vehicle Decor Accessory Sets,
2652,Vehicles & Parts,Vehicle Parts & Accessories,"Vehicle Maintenance, Care & Decor",Vehicle Decor,Vehicle Display Flags,
5995,Vehicles & Parts,Vehicle Parts & Accessories,"Vehicle Maintenance, Care & Decor",Vehicle Decor,Vehicle Emblems & Hood Ornaments,
8145,Vehicles & Parts,Vehicle Parts & Accessories,"Vehicle Maintenance, Care & Decor",Vehicle Decor,Vehicle Hitch Covers,
7022,Vehicles & Parts,Vehicle Parts & Accessories,"Vehicle Maintenance, Care & Decor",Vehicle Decor,Vehicle License Plate Covers,
5994,Vehicles & Parts,Vehicle Parts & Accessories,"Vehicle Maintenance, Care & Decor",Vehicle Decor,Vehicle License Plate Frames,
8298,Vehicles & Parts,Vehicle Parts & Accessories,"Vehicle Maintenance, Care & Decor",Vehicle Decor,Vehicle License Plate Mounts & Holders,
2248,Vehicles & Parts,Vehicle Parts & Accessories,"Vehicle Maintenance, Care & Decor",Vehicle Decor,Vehicle License Plates,
7532,Vehicles & Parts,Vehicle Parts & Accessories,"Vehicle Maintenance, Care & Decor",Vehicle Decor,Vehicle Magnets,
8478,Vehicles & Parts,Vehicle Parts & Accessories,"Vehicle Maintenance, Care & Decor",Vehicle Decor,Vehicle Rear View Mirror Ornaments,
8463,Vehicles & Parts,Vehicle Parts & Accessories,"Vehicle Maintenance, Care & Decor",Vehicle Decor,Vehicle Shift Boots,
8142,Vehicles & Parts,Vehicle Parts & Accessories,"Vehicle Maintenance, Care & Decor",Vehicle Decor,Vehicle Shift Knobs,
8464,Vehicles & Parts,Vehicle Parts & Accessories,"Vehicle Maintenance, Care & Decor",Vehicle Decor,Vehicle Steering Wheel Covers,
8202,Vehicles & Parts,Vehicle Parts & Accessories,"Vehicle Maintenance, Care & Decor",Vehicle Decor,Vehicle Wraps,
2788,Vehicles & Parts,Vehicle Parts & Accessories,"Vehicle Maintenance, Care & Decor",Vehicle Fluids,,
2635,Vehicles & Parts,Vehicle Parts & Accessories,"Vehicle Maintenance, Care & Decor",Vehicle Fluids,Vehicle Antifreeze,
3051,Vehicles & Parts,Vehicle Parts & Accessories,"Vehicle Maintenance, Care & Decor",Vehicle Fluids,Vehicle Brake Fluid,
2517,Vehicles & Parts,Vehicle Parts & Accessories,"Vehicle Maintenance, Care & Decor",Vehicle Fluids,Vehicle Cooling System Additives,
2881,Vehicles & Parts,Vehicle Parts & Accessories,"Vehicle Maintenance, Care & Decor",Vehicle Fluids,Vehicle Engine Degreasers,
2719,Vehicles & Parts,Vehicle Parts & Accessories,"Vehicle Maintenance, Care & Decor",Vehicle Fluids,Vehicle Fuel System Cleaners,
2735,Vehicles & Parts,Vehicle Parts & Accessories,"Vehicle Maintenance, Care & Decor",Vehicle Fluids,Vehicle Greases,
2916,Vehicles & Parts,Vehicle Parts & Accessories,"Vehicle Maintenance, Care & Decor",Vehicle Fluids,Vehicle Hydraulic Clutch Fluid,
3044,Vehicles & Parts,Vehicle Parts & Accessories,"Vehicle Maintenance, Care & Decor",Vehicle Fluids,Vehicle Motor Oil,
2770,Vehicles & Parts,Vehicle Parts & Accessories,"Vehicle Maintenance, Care & Decor",Vehicle Fluids,Vehicle Performance Additives,
2513,Vehicles & Parts,Vehicle Parts & Accessories,"Vehicle Maintenance, Care & Decor",Vehicle Fluids,Vehicle Power Steering Fluid,
2688,Vehicles & Parts,Vehicle Parts & Accessories,"Vehicle Maintenance, Care & Decor",Vehicle Fluids,Vehicle Transmission Fluid,
2943,Vehicles & Parts,Vehicle Parts & Accessories,"Vehicle Maintenance, Care & Decor",Vehicle Fluids,Vehicle Windshield Fluid,
3812,Vehicles & Parts,Vehicle Parts & Accessories,"Vehicle Maintenance, Care & Decor",Vehicle Paint,,
8450,Vehicles & Parts,Vehicle Parts & Accessories,"Vehicle Maintenance, Care & Decor",Vehicle Paint,Motor Vehicle Body Paint,
8144,Vehicles & Parts,Vehicle Parts & Accessories,"Vehicle Maintenance, Care & Decor",Vehicle Paint,Motor Vehicle Brake Caliper Paint,
8236,Vehicles & Parts,Vehicle Parts & Accessories,"Vehicle Maintenance, Care & Decor",Vehicle Repair & Specialty Tools,,
8260,Vehicles & Parts,Vehicle Parts & Accessories,"Vehicle Maintenance, Care & Decor",Vehicle Repair & Specialty Tools,Motor Vehicle Brake Service Kits,
8259,Vehicles & Parts,Vehicle Parts & Accessories,"Vehicle Maintenance, Care & Decor",Vehicle Repair & Specialty Tools,Motor Vehicle Clutch Alignment & Removal Tools,
7414,Vehicles & Parts,Vehicle Parts & Accessories,"Vehicle Maintenance, Care & Decor",Vehicle Repair & Specialty Tools,Vehicle Battery Chargers,
499929,Vehicles & Parts,Vehicle Parts & Accessories,"Vehicle Maintenance, Care & Decor",Vehicle Repair & Specialty Tools,Vehicle Battery Testers,
499774,Vehicles & Parts,Vehicle Parts & Accessories,"Vehicle Maintenance, Care & Decor",Vehicle Repair & Specialty Tools,Vehicle Body Filler,
6482,Vehicles & Parts,Vehicle Parts & Accessories,"Vehicle Maintenance, Care & Decor",Vehicle Repair & Specialty Tools,Vehicle Diagnostic Scanners,
5068,Vehicles & Parts,Vehicle Parts & Accessories,"Vehicle Maintenance, Care & Decor",Vehicle Repair & Specialty Tools,Vehicle Jump Starters,
3326,Vehicles & Parts,Vehicle Parts & Accessories,"Vehicle Maintenance, Care & Decor",Vehicle Repair & Specialty Tools,Vehicle Jumper Cables,
8261,Vehicles & Parts,Vehicle Parts & Accessories,"Vehicle Maintenance, Care & Decor",Vehicle Repair & Specialty Tools,Vehicle Tire Repair & Tire Changing Tools,
2647,Vehicles & Parts,Vehicle Parts & Accessories,"Vehicle Maintenance, Care & Decor",Vehicle Repair & Specialty Tools,Windshield Repair Kits,
362737,Vehicles & Parts,Vehicle Parts & Accessories,Vehicle Safety & Security,Off-Road & All-Terrain Vehicle Protective Gear,,
362738,Vehicles & Parts,Vehicle Parts & Accessories,Vehicle Safety & Security,Off-Road & All-Terrain Vehicle Protective Gear,ATV & UTV Bar Pads,
2768,Vehicles & Parts,Vehicle Parts & Accessories,Vehicle Safety & Security,Vehicle Alarms & Locks,,
6084,Vehicles & Parts,Vehicle Parts & Accessories,Vehicle Safety & Security,Vehicle Alarms & Locks,Automotive Alarm Accessories,
1802,Vehicles & Parts,Vehicle Parts & Accessories,Vehicle Safety & Security,Vehicle Alarms & Locks,Automotive Alarm Systems,
6083,Vehicles & Parts,Vehicle Parts & Accessories,Vehicle Safety & Security,Vehicle Alarms & Locks,Motorcycle Alarms & Locks,
8302,Vehicles & Parts,Vehicle Parts & Accessories,Vehicle Safety & Security,Vehicle Alarms & Locks,Vehicle Door Locks & Parts,
8305,Vehicles & Parts,Vehicle Parts & Accessories,Vehicle Safety & Security,Vehicle Alarms & Locks,Vehicle Door Locks & Parts,Vehicle Door Lock Actuators
8304,Vehicles & Parts,Vehicle Parts & Accessories,Vehicle Safety & Security,Vehicle Alarms & Locks,Vehicle Door Locks & Parts,Vehicle Door Lock Knobs
8303,Vehicles & Parts,Vehicle Parts & Accessories,Vehicle Safety & Security,Vehicle Alarms & Locks,Vehicle Door Locks & Parts,Vehicle Door Locks & Locking Systems
235921,Vehicles & Parts,Vehicle Parts & Accessories,Vehicle Safety & Security,Vehicle Alarms & Locks,Vehicle Hitch Locks,
3024,Vehicles & Parts,Vehicle Parts & Accessories,Vehicle Safety & Security,Vehicle Alarms & Locks,Vehicle Immobilizers,
2699,Vehicles & Parts,Vehicle Parts & Accessories,Vehicle Safety & Security,Vehicle Alarms & Locks,Vehicle Remote Keyless Systems,
2750,Vehicles & Parts,Vehicle Parts & Accessories,Vehicle Safety & Security,Vehicle Alarms & Locks,Vehicle Steering Wheel Locks,
500077,Vehicles & Parts,Vehicle Parts & Accessories,Vehicle Safety & Security,Vehicle Alarms & Locks,Vehicle Wheel Clamps,
2879,Vehicles & Parts,Vehicle Parts & Accessories,Vehicle Safety & Security,Vehicle Safety Equipment,,
8447,Vehicles & Parts,Vehicle Parts & Accessories,Vehicle Safety & Security,Vehicle Safety Equipment,Car Window Nets,
8445,Vehicles & Parts,Vehicle Parts & Accessories,Vehicle Safety & Security,Vehicle Safety Equipment,Emergency Road Flares,
8448,Vehicles & Parts,Vehicle Parts & Accessories,Vehicle Safety & Security,Vehicle Safety Equipment,Motor Vehicle Airbag Parts,
8446,Vehicles & Parts,Vehicle Parts & Accessories,Vehicle Safety & Security,Vehicle Safety Equipment,Motor Vehicle Roll Cages & Bars,
8477,Vehicles & Parts,Vehicle Parts & Accessories,Vehicle Safety & Security,Vehicle Safety Equipment,Vehicle Seat Belt Buckles,
326120,Vehicles & Parts,Vehicle Parts & Accessories,Vehicle Safety & Security,Vehicle Safety Equipment,Vehicle Seat Belt Covers,
8476,Vehicles & Parts,Vehicle Parts & Accessories,Vehicle Safety & Security,Vehicle Safety Equipment,Vehicle Seat Belt Straps,
8449,Vehicles & Parts,Vehicle Parts & Accessories,Vehicle Safety & Security,Vehicle Safety Equipment,Vehicle Seat Belts,
6966,Vehicles & Parts,Vehicle Parts & Accessories,Vehicle Safety & Security,Vehicle Safety Equipment,Vehicle Warning Whips,
8506,Vehicles & Parts,Vehicle Parts & Accessories,Vehicle Safety & Security,Vehicle Safety Equipment,Vehicle Wheel Chocks,
8237,Vehicles & Parts,Vehicle Parts & Accessories,Vehicle Storage & Cargo,,,
6744,Vehicles & Parts,Vehicle Parts & Accessories,Vehicle Storage & Cargo,Motor Vehicle Cargo Nets,,
6454,Vehicles & Parts,Vehicle Parts & Accessories,Vehicle Storage & Cargo,Motor Vehicle Carrying Rack Accessories,,
7122,Vehicles & Parts,Vehicle Parts & Accessories,Vehicle Storage & Cargo,Motor Vehicle Carrying Rack Accessories,Vehicle Bicycle Rack Accessories,
8086,Vehicles & Parts,Vehicle Parts & Accessories,Vehicle Storage & Cargo,Motor Vehicle Carrying Rack Accessories,Vehicle Ski & Snowboard Rack Accessories,
3472,Vehicles & Parts,Vehicle Parts & Accessories,Vehicle Storage & Cargo,Motor Vehicle Carrying Racks,,
6041,Vehicles & Parts,Vehicle Parts & Accessories,Vehicle Storage & Cargo,Motor Vehicle Carrying Racks,Vehicle Base Rack Systems,
2836,Vehicles & Parts,Vehicle Parts & Accessories,Vehicle Storage & Cargo,Motor Vehicle Carrying Racks,Vehicle Bicycle Racks,
6047,Vehicles & Parts,Vehicle Parts & Accessories,Vehicle Storage & Cargo,Motor Vehicle Carrying Racks,Vehicle Boat Racks,
4240,Vehicles & Parts,Vehicle Parts & Accessories,Vehicle Storage & Cargo,Motor Vehicle Carrying Racks,Vehicle Cargo Racks,
6046,Vehicles & Parts,Vehicle Parts & Accessories,Vehicle Storage & Cargo,Motor Vehicle Carrying Racks,Vehicle Fishing Rod Racks,
7115,Vehicles & Parts,Vehicle Parts & Accessories,Vehicle Storage & Cargo,Motor Vehicle Carrying Racks,Vehicle Gun Racks,
6044,Vehicles & Parts,Vehicle Parts & Accessories,Vehicle Storage & Cargo,Motor Vehicle Carrying Racks,Vehicle Motorcycle & Scooter Racks,
6043,Vehicles & Parts,Vehicle Parts & Accessories,Vehicle Storage & Cargo,Motor Vehicle Carrying Racks,Vehicle Ski & Snowboard Racks,
6042,Vehicles & Parts,Vehicle Parts & Accessories,Vehicle Storage & Cargo,Motor Vehicle Carrying Racks,Vehicle Water Sport Board Racks,
8147,Vehicles & Parts,Vehicle Parts & Accessories,Vehicle Storage & Cargo,Motor Vehicle Loading Ramps,,
4027,Vehicles & Parts,Vehicle Parts & Accessories,Vehicle Storage & Cargo,Motor Vehicle Trailers,,
1133,Vehicles & Parts,Vehicle Parts & Accessories,Vehicle Storage & Cargo,Motor Vehicle Trailers,Boat Trailers,
4037,Vehicles & Parts,Vehicle Parts & Accessories,Vehicle Storage & Cargo,Motor Vehicle Trailers,Horse & Livestock Trailers,
4243,Vehicles & Parts,Vehicle Parts & Accessories,Vehicle Storage & Cargo,Motor Vehicle Trailers,Travel Trailers,
4044,Vehicles & Parts,Vehicle Parts & Accessories,Vehicle Storage & Cargo,Motor Vehicle Trailers,Utility & Cargo Trailers,
5512,Vehicles & Parts,Vehicle Parts & Accessories,Vehicle Storage & Cargo,Motorcycle Bags & Panniers,,
8378,Vehicles & Parts,Vehicle Parts & Accessories,Vehicle Storage & Cargo,Truck Bed Storage Boxes & Organizers,,
8475,Vehicles & Parts,Vehicle Parts & Accessories,Vehicle Storage & Cargo,Vehicle Headrest Hangers & Hooks,,
2290,Vehicles & Parts,Vehicle Parts & Accessories,Vehicle Storage & Cargo,Vehicle Organizers,,
