vendor,display_name,official_website_url,search_url_template,sample_sku_primary,validation_sample_skus,validation_success_count,validation_total_count,validation_summary,search_recipe_kind,search_submit_status,dom_search_candidates_found,dom_search_input_selector,dom_search_input_name,dom_search_input_type,dom_search_input_visible,dom_form_selector,dom_form_action,dom_form_method,dom_submit_selector,primary_request_method,primary_request_resource_type,primary_request_url_template,primary_request_post_data_template,primary_request_status,primary_request_header_names,primary_request_cookie_header,primary_request_curl,primary_xhr_method,primary_xhr_url_template,primary_xhr_post_data_template,primary_xhr_status,primary_xhr_header_names,primary_xhr_cookie_header,primary_xhr_curl,all_relevant_xhr_templates,final_url_template,final_result_kind,api_observed,hidden_form_observed,browser_required_observed,notes
Banks Power,Banks Power,https://bankspower.com/,https://bankspower.com/search?q={sku},BAN-25987,BAN-25987|BAN-25988|BAN-25990,0,3,BAN-25987:blocked(Bot challenge page) | BAN-25988:blocked(Bot challenge page) | BAN-25990:blocked(Bot challenge page),xhr_api,review,11,input#side-panel-search-input,q,search,True,form,/search,get,"button[type=""submit""]",GET,document,https://bankspower.com/search?q={sku},,200,,,curl -X GET 'https://bankspower.com/search?q=BAN-25987',POST,https://bankspower.com/a/elevar?source_url=https%3A%2F%2Fbankspower.com%2Fsearch%3Fq%3D{sku},"{""user_properties"":{""session_id"":""1773029751"",""session_count"":""1"",""user_id"":""cb310c45-c750-4e3c-8b54-58874e628cff"",""visitor_type"":""guest""},""device"":{""screen_resolution"":""1280x720"",""viewport_size"":""1280x720"",""encoding"":""UTF-8"",""language"":""en-US"",""colors"":""24-bit""},""page"":{""title"":""Search: 0 results found for \""{sku}\"" - Banks Power"",""raw_referrer"":""https://bankspower.com/""},""marketing"":{""_fbp"":""fb.1.1773029751070.803454268788783586"",""_ga"":""GA1.1.1031196581.1773029750"",""_rdt_uuid"":""1773029749917.3858826f-25f1-421f-83f0-92d99d0ca4c8"",""_ttp"":""01KK8CXXVNE0ZVPCWPM9S9H9F2_.tt.0"",""_ga_5GS5QLZZC5"":""GS2.1.s1773029751$o1$g1$t0$j59$l0$h0"",""_ga_7Y3NHHSNPS"":""GS2.1.s1773029751$o1$g0$t0$j60$l0$h0"",""_uetsid"":""a8bfe5c01b6e11f18af12356d487d4b9"",""_uetvid"":""a8c04c101b6e11f18327c3c5125eb8cc"",""user_id"":""cb310c45-c750-4e3c-8b54-58874e628cff"",""session_id"":""1773029751"",""session_count"":""1"",""session_landing_page_url"":""https://bankspower.com/"",""session_landing_page_title"":""Banks Power"",""market_id"":""1443561669""},""event"":""dl_user_data"",""event_id"":""vddVm2_8vB6BLGNZPPAz5"",""event_time"":""2026-03-09T04:15:52.732Z"",""event_state"":""OTHER"",""cart_total"":""0.00"",""ecommerce"":{""currencyCode"":""USD"",""cart_contents"":{""products"":[]}}}",0,:authority|:method|:path|:scheme|accept|accept-encoding|content-length|content-type|cookie|origin|priority|referer|sec-ch-ua|sec-ch-ua-mobile|sec-ch-ua-platform|sec-fetch-dest|sec-fetch-mode|sec-fetch-site|user-agent,localization=US; cart_currency=USD; _shopify_y=cb310c45-c750-4e3c-8b54-58874e628cff; _shopify_s=60971a75-077f-409d-83fc-4e8f029720aa; _shopify_analytics=:AZzQzu46AAEAQFp2n4dsLZvsPfOYE2mCO-kqBtzTVwxiNkdcu6fPxGQpsT2SffOU6KiSk8w:; _idy_cid=...,"curl -X POST 'https://bankspower.com/a/elevar?source_url=https%3A%2F%2Fbankspower.com%2Fsearch%3Fq%3DBAN-25987' -H ':authority: bankspower.com' -H ':method: POST' -H ':path: /a/elevar?source_url=https%3A%2F%2Fbankspower.com%2Fsearch%3Fq%3DBAN-25987' -H ':scheme: https' -H 'accept: application/json' -H 'accept-encoding: gzip, deflate, br, zstd' -H 'content-length: 1209' -H 'content-type: application/json' -H 'cookie: localization=US; cart_currency=USD; _shopify_y=cb310c45-c750-4e3c-8b54-58874e628cff; _shopify_s=60971a75-077f-409d-83fc-4e8f029720aa; _shopify_analytics=:AZzQzu46AAEAQFp2n4dsLZvsPfOYE2mCO-kqBtzTVwxiNkdcu6fPxGQpsT2SffOU6KiSk8w:; _idy_cid=36202975-d4bd-43b8-aadb-afdd0c923d4f; _v...",https://bankspower.com/a/elevar?source_url=https%3A%2F%2Fbankspower.com%2Fsearch%3Fq%3D{sku} | https://bankspower.com/cart.json | https://data.superboosty.com/api/visit/note,https://bankspower.com/search?q={sku},blocked,yes,no,yes,Bot challenge page
BDS Suspension,BDS Suspension,https://bds-suspension.com/,https://bds-suspension.com/search?q={sku},BDS-189H,BDS-189H|BDS-121251|BDS-123251,0,3,BDS-189H:blocked(Bot challenge page) | BDS-121251:blocked(Bot challenge page) | BDS-123251:blocked(Bot challenge page),direct_template_get,review,2,,,,,,,,,GET,document,https://bds-suspension.com/search?q={sku},,0,,,curl -X GET 'https://bds-suspension.com/search?q=BDS-189H',,,,,,,,https://bds-suspension.com/a/elevar?source_url=https%3A%2F%2Fbds-suspension.com%2F | https://bds-suspension.com/api/collect,https://bds-suspension.com/,blocked,no,no,yes,No visible search input found
Carli Suspension,Carli Suspension,https://www.carlisuspension.com/,https://www.carlisuspension.com/?s={sku},CS-FLC-05,CS-FLC-05|CS-RAM15MRC-09-R|CS-DMRC-14-R1,0,3,CS-FLC-05:blocked(Bot challenge page) | CS-RAM15MRC-09-R:blocked(Bot challenge page) | CS-DMRC-14-R1:blocked(Bot challenge page),direct_template_get,review,0,,,,,,,,,GET,document,https://www.carlisuspension.com/?s={sku},,0,,,curl -X GET 'https://www.carlisuspension.com/?s=CS-FLC-05',,,,,,,,,https://www.carlisuspension.com/,blocked,no,no,yes,No visible search input found
Fleece Performance Engineering,Fleece Performance Engineering,https://www.fleeceperformance.com/,https://www.fleeceperformance.com/catalogsearch/result/?q={sku},FPE-CP3X2,FPE-CP3X2|FPE-RBC-1.5-0.5|FPE-TL-CUMM-1012,0,3,FPE-CP3X2:blocked(Bot challenge page) | FPE-RBC-1.5-0.5:blocked(Bot challenge page) | FPE-TL-CUMM-1012:blocked(Bot challenge page),form_get,review,1,input#search,q,text,True,form#search_mini_form,https://www.fleeceperformance.com/search/,get,"button[type=""submit""]",GET,document,https://www.fleeceperformance.com/catalogsearch/result/?q={sku},,200,,,curl -X GET 'https://www.fleeceperformance.com/catalogsearch/result/?q=FPE-CP3X2',,,,,,,,https://uscs33v2.ksearchnet.com/cs/v2/search | https://www.fleeceperformance.com/cdn-cgi/rum? | https://knrpc.olark.com/nrpc/c?c=create&s=6845-649-10-6481&v=U3ZssS2PAvDkhaYR1m6T20W0BbjkUa6A&i=MGWrf5Cun5vzrodd1m6T20W06U0jkr6a&g=ALL&q=precache08872211698707769&j=o0&version=loader-precache&xhttp=1&u=https%3A%2F%2Fwww.fleeceperformance.com%2Fsearch%2F%3Fq%3D{sku}&r=https%3A%2F%2Fwww.fleeceperformance.com%2F&ca=false&ru=false&aph=false&ae= | https://pagead2.googlesyndication.com/ccm/collect?frm=0&ae=g&en=page_view&dr=www.fleeceperformance.com&dl=https%3A%2F%2Fwww.fleeceperformance.com%2Fsearch%2F&scrsrc=www.googletagmanager.com&rnd=1061659947.1773029756&navt=n&npa=1&us_privacy=1yn-&ep.ads_data_redaction=0&gdid=dMzY0Yz&gtm=45He6350h2v852837006za200zd852837006xea&gcs=G100&gcd=13p3p3p3p5l1&dma_cps=-&dma=0&tag_exp=103116026~103200004~104573694~115938466~115938469~116024733~117484252~117625637&apve=1&apvf=f&apvc=1&tft=1773029756190&tfd=2683,https://www.fleeceperformance.com/search/?q={sku},blocked,no,no,yes,Bot challenge page
Nitrous Express,Nitrous Express,https://www.nitrousexpress.com/,https://www.nitrousexpress.com/search.asp?search_prod={sku},NX-D11110,NX-D11110|NX-D1000,0,0,,error,error,0,,,,,,,,,,,https://www.nitrousexpress.com/search.asp?search_prod={sku},,,,,,,,,,,,,,,error,no,no,unknown,Page.content: Unable to retrieve content because the page is navigating and changing the content.
NOS Nitrous Oxide Systems,NOS Nitrous Oxide Systems,https://www.noswizard.com/,https://www.noswizard.com/catalogsearch/result/?q={sku},NOS-02521NOS,NOS-02521NOS|NOS-02521BNOS|NOS-02519NOS,0,0,,error,error,0,,,,,,,,,,,https://www.noswizard.com/catalogsearch/result/?q={sku},,,,,,,,,,,,,,,error,no,no,unknown,"Page.goto: net::ERR_HTTP2_PROTOCOL_ERROR at https://noswizard.com/
Call log:
  - navigating to ""https://noswizard.com/"", waiting until ""domcontentloaded"""
Powermaster Performance Starters and Alternators,Powermaster Performance Starters and Alternators,https://www.powermasterperformance.com/about-us,https://www.powermasterperformance.com/catalogsearch/result/index/?q={sku},PM-7767,PM-7767|PM-44007|PM-43311,0,0,,error,error,0,,,,,,,,,,,https://www.powermasterperformance.com/catalogsearch/result/index/?q={sku},,,,,,,,,,,,,,,error,no,no,unknown,"Page.goto: net::ERR_NAME_NOT_RESOLVED at https://powermasterperformance.com/
Call log:
  - navigating to ""https://powermasterperformance.com/"", waiting until ""domcontentloaded"""
Sprint Booster,Sprint Booster,https://www.sprintboosterusa.com/,https://www.sprintboosterusa.com/?s={sku},SBDO1003S,SBDO1003S,0,0,,error,error,0,,,,,,,,,,,https://www.sprintboosterusa.com/?s={sku},,,,,,,,,,,,,,,error,no,no,unknown,"Page.goto: net::ERR_ADDRESS_UNREACHABLE at https://sprintboosterusa.com/
Call log:
  - navigating to ""https://sprintboosterusa.com/"", waiting until ""domcontentloaded"""
TS Performance,TS Performance,https://www.tsperformanceofficial.com/,/search?q={sku},TS-1290301,TS-1290301|TSP-1180402|TSP-1180403,0,0,,error,error,0,,,,,,,,,,,/search?q={sku},,,,,,,,,,,,,,,error,no,no,unknown,unknown url type: '/search?q=TS-1290301'
