vendor,display_name,official_website_status,official_website_url,sample_sku,search_url_template,search_template_status,search_result_mode,platform_family,search_family,transport,parameter_name,browser_validated,browser_required_hint,blocking_hint,confidence_bucket,resolver_hint,review_notes
Expedition One,Expedition One,probable,https://www.expeditiononestore.com/,EXP1-FORDSD-17-FB-PC,https://www.expeditiononestore.com/search.asp?keyword={sku},confirmed,search_results,3dcart_like,searchasp_keyword,GET,keyword,no,no,,high,manual_user_seed,Confirmed manual search route: https://www.expeditiononestore.com/search.asp?keyword={sku}.
PMF Suspension,PMF Suspension,confirmed,https://www.pmfsuspension.com/,PMF-FRD-5004,https://www.pmfsuspension.com/search.asp?keyword={sku},confirmed,search_results,3dcart_like,searchasp_keyword,GET,keyword,no,no,http_403,high,manual_results_page_clickthrough,"Known results-page search route; direct fetch is currently blocked here by Cloudflare 403, but first result is typically the target product."
Mac's Custom Tie Downs,Mac's Custom Tie Downs,probable,https://www.macscustomtiedowns.com/,MAC-520215,https://www.macscustomtiedowns.com/search.aspx?ss={sku},confirmed,search_results,aspnet_like,asp_search_ss,GET,ss,no,no,,high,manual_cleanup_from_browser_validation,
ProActive Gears,ProActive Gears,probable,https://www.proactivegears.com/,PAG-21966,https://www.proactivegears.com/searchresults.asp?Search={sku}&Submit=,confirmed,search_results,aspnet_like,custom_search,GET,Search,yes,no,,high,playwright_search_submit,
DieselSite,DieselSite,probable,https://www.dieselsite.com/,DS-4WD,https://www.dieselsite.com/search.aspx?find={sku},confirmed,search_results,aspnet_like,path_or_query_search,GET,find,yes,yes,hidden_or_missing_search_ui,high,manual_user_seed,Confirmed manual search URL from site search UI. Existing note: No visible search input found
Dorman,Dorman,probable,https://www.dormanproducts.com/,DOR-600-202,https://www.dormanproducts.com/gsearch.aspx?type=oesearch&origin=oesearch&q={sku},confirmed,search_results,aspnet_like,path_or_query_search,GET,q,yes,yes,hidden_or_missing_search_ui,high,manual_user_seed,Confirmed manual search URL from site search UI. Existing note: No visible search input found
Aeroturbine,Aeroturbine,probable,https://www.aeroturbineparts.com/about/,AERO-AR20,https://aeroexhaust.com/search.html?q={sku},confirmed,search_results,bigcommerce_like,bigcommerce_search_html_q,GET,q,no,no,,high,manual_user_seed_cross_domain,Confirmed manual search route on vendor domain: https://aeroexhaust.com/search.html?q={sku}.
Bosch,Bosch,probable,https://www.bosch.us/,BOS-HP004X,https://www.bosch.us/search.html?q={sku},confirmed,search_results,bigcommerce_like,bigcommerce_search_html_q,GET,q,yes,yes,hidden_or_missing_search_ui,high,manual_user_seed,Confirmed manual search URL from site search UI. Existing note: No visible search input found
Centerforce Performance Clutch,Centerforce Performance Clutch,probable,https://www.centerforce.com/,CFC-N1774,https://www.centerforce.com/search.html?q={sku},confirmed,search_results,bigcommerce_like,bigcommerce_search_html_q,GET,q,no,no,,high,manual_user_seed,Confirmed manual search URL from site search UI. Existing note: Search results page
Clutch Masters,Clutch Masters,probable,https://clutchmasters.com/,CM-05CM2-TD12R-S,https://clutchmasters.com/search.html?q={sku},confirmed,search_results,bigcommerce_like,bigcommerce_search_html_q,GET,q,no,no,sample_sku_no_results,high,manual_user_seed,Confirmed manual search URL from site search UI. Existing note: Search returned no results
DuramaxTuner.com,DuramaxTuner.com,probable,https://duramaxtuner.com/,DT-CPS200340,https://duramaxtuner.com/search.html?q={sku},probed,search_results,bigcommerce_like,bigcommerce_search_html_q,GET,q,no,no,,medium,common_template_probe,
Flyin Diesel,Flyin Diesel,probable,https://flyindiesel.com/,FD-5967-BLACK,https://flyindiesel.com/search.html?q={sku},confirmed,search_results,bigcommerce_like,bigcommerce_search_html_q,GET,q,no,no,,high,manual_user_seed,Confirmed manual search route: https://flyindiesel.com/search.html?q={sku}.
Fuelab,Fuelab,probable,https://fuelab.com/,FL-50102,https://fuelab.com/search.html?q={sku},confirmed,search_results,bigcommerce_like,bigcommerce_search_html_q,GET,q,no,no,,high,manual_user_seed,Confirmed manual search route: https://fuelab.com/search.html?q={sku}.
Injen Technology,Injen Technology,probable,https://injen.com/,INJ-EVO7008,https://injen.com/search.html?q={sku},confirmed,search_results,bigcommerce_like,bigcommerce_search_html_q,GET,q,yes,no,,high,playwright_search_submit,
Royalty Core,Royalty Core,confirmed,https://www.royaltycore.com/,RC-15966,https://www.royaltycore.com/search.html?q={sku},confirmed,search_results,bigcommerce_like,bigcommerce_search_html_q,GET,q,no,no,,high,manual_html_form_discovery,"Validated from https://www.royaltycore.com/search-2.html. Site exposes a GET form action https://www.royaltycore.com/search.html with input name q, producing results URLs like https://www.royaltycore.com/search.html?q={sku}."
T-Rex Grilles,T-Rex Grilles,confirmed,https://trexbillet.com/,TREX-51211,https://trexbillet.com/search.html?q={sku},confirmed,search_results,bigcommerce_like,bigcommerce_search_html_q,GET,q,yes,yes,http_405,high,manual_bigcommerce_form_validation,Browser-validated search route; direct HTTP may hit human verification/405.
Wehrli Custom Fabrication,Wehrli Custom Fabrication,confirmed,https://www.wcfab.com/,WCF-WCF100165-GB,https://www.wcfab.com/search.html?q={sku},confirmed,search_results,bigcommerce_like,bigcommerce_search_html_q,GET,q,yes,yes,http_405,high,manual_bigcommerce_form_validation,Browser-validated search route; direct HTTP may hit human verification/405.
ZROADZ,ZROADZ,confirmed,https://zroadz.com/,ZRZ-Z325472,https://zroadz.com/search.html?q={sku},confirmed,search_results,bigcommerce_like,bigcommerce_search_html_q,GET,q,yes,no,,high,manual_bigcommerce_form_validation,Browser-validated search route; sample SKU returned a no-results page.
Beans Diesel | Bean Machine,Beans Diesel | Bean Machine,probable,https://bdpshop.com/,BDP-280003,https://bdpshop.com/search.php?search_query={sku},confirmed,search_results,bigcommerce_like,bigcommerce_search_php_query,GET,search_query,yes,no,,high,playwright_search_submit,
ComeUp Winch,ComeUp Winch,probable,https://www.comeupwinch.com/,CU-295620,https://comeupwinch.com/search.php?search_query={sku},probed,search_results,bigcommerce_like,bigcommerce_search_php_query,GET,search_query,no,no,,medium,common_template_probe,
Crown Brake Lines,Crown Brake Lines,confirmed,https://crownperformance.com/,CROWN-GM77FR-00-CLE,https://crownperformance.com/search.php?search_query={sku},probed,search_results,bigcommerce_like,bigcommerce_search_php_query,GET,search_query,no,no,,medium,common_template_probe,
Longhorn Fab Shop,Longhorn Fab Shop,probable,https://longhornfabshop.com/,LFS-201051,https://longhornfabshop.com/search.php?search_query={sku},confirmed,search_results,bigcommerce_like,bigcommerce_search_php_query,GET,search_query,yes,no,,high,playwright_search_submit,
Mechman Alternators,Mechman Alternators,probable,https://www.mechman.com/,MECH-7796240,https://www.mechman.com/search.php?search_query={sku},confirmed,search_results,bigcommerce_like,bigcommerce_search_php_query,GET,search_query,yes,no,,high,playwright_search_submit,
Revolution Gear & Axle,Revolution Gear & Axle,confirmed,https://revolutiongear.com/,D70-373,https://revolutiongear.com/search.php?search_query={sku},detected,search_results,bigcommerce_like,bigcommerce_search_php_query,GET,search_query,no,no,,medium,jsonld_searchaction_or_html_form,
Rock Krawler,Rock Krawler,confirmed,https://rockkrawler.com/,RK-RK02542,https://rockkrawler.com/search.php?search_query={sku},confirmed,search_results,bigcommerce_like,bigcommerce_search_php_query,GET,search_query,yes,no,,high,playwright_search_submit,
Rotomaster,Rotomaster,confirmed,https://rotomaster.com/,ROT-H1350212N,https://rotomaster.com/search.php?search_query={sku},probed,search_results,bigcommerce_like,bigcommerce_search_php_query,GET,search_query,no,no,,medium,common_template_probe,
SoCal SuperTrucks,SoCal SuperTrucks,confirmed,https://socalsupertrucks.com/,SS-200215,https://socalsupertrucks.com/search.php?search_query={sku},confirmed,search_results,bigcommerce_like,bigcommerce_search_php_query,GET,search_query,yes,no,,high,playwright_search_submit,
Tork Teknology,Tork Teknology,confirmed,https://www.torkteknology.com/,DPP-BBS010,https://www.torkteknology.com/search.php?search_query={sku},confirmed,search_results,bigcommerce_like,bigcommerce_search_php_query,GET,search_query,yes,no,,high,playwright_search_submit,
Calibrated Power,Calibrated Power,probable,https://duramaxtuner.com/,CP-03046LPS,https://duramaxtuner.com/search.html?Search={sku},probed,search_results,bigcommerce_like,path_or_query_search,GET,Search,no,no,,medium,common_template_probe,
Merchant Automotive,Merchant Automotive,probable,https://www.merchant-automotive.com/,MA-10813,https://www.merchant-automotive.com/shop/?search_query={sku},confirmed,search_results,bigcommerce_like,path_or_query_search,GET,search_query,yes,no,,high,playwright_search_submit,
PML Covers,PML Covers,probable,https://pmlgarage.com/,PML-9393-B,https://yourcovers.com/search.html?Search={sku},confirmed,search_results,bigcommerce_like,path_or_query_search,GET,Search,no,no,,high,manual_user_seed_cross_domain,Confirmed manual search route on vendor domain: https://yourcovers.com/search.html?Search={sku}.
PacBrake,PacBrake,confirmed,https://pacbrake.com/,PB-C11342,https://pacbrake.com/search.html?Search={sku},confirmed,search_results,bigcommerce_like,path_or_query_search,GET,Search,yes,no,,high,playwright_search_submit,
ARP Bolts,ARP Bolts,probable,https://arp-bolts.com/,ARP-230-4201,https://arp-bolts.com/,custom,custom_search,custom,custom_search,GET,,no,no,,review,manual_user_seed,
BorgWarner,BorgWarner,confirmed,https://www.borgwarner.com/home,BW-179425,https://www.borgwarner.com/search?indexCatalogue=default&searchQuery={sku}&wordsMode=0,confirmed,search_results,custom,custom_search,GET,searchQuery,yes,no,,high,playwright_search_submit,
Camburg Suspension,Camburg Suspension,probable,https://www.suspensionlifts.com/brand/camburg/,CAM-030061,https://www.suspensionlifts.com/?post_type=product&s={sku}&asp_active=1&p_asid=1&p_asp_data=1&filters_initial=1&filters_changed=0&qtranslate_lang=0&woo_currency=USD&current_page_id=701,confirmed,search_results,custom,custom_search,GET,s,no,no,,high,manual_user_seed,.com tld; 1 vendor token hit(s); vendor key present in result text; deep path candidate
Fairchild Industries,Fairchild Industries,probable,https://fairchildindustries.com/,FI-F3019,https://fairchildindustries.com/search/{sku}/,detected,search_results,custom,custom_search,GET,,no,no,,medium,jsonld_searchaction_or_html_form,
Synapse Auto,Synapse Auto,probable,https://synapseauto.com/,SYNA-S79-L5P1,https://synapseauto.com/filterSearch?advs=true&cid=0&mid=0&vid=0&q={sku}&sid=true&isc=true&orderBy=0,confirmed,search_results,custom,custom_search,GET,q,yes,no,,high,playwright_search_submit,
Suspension MAXX,Suspension MAXX,confirmed,https://suspensionmaxx.com/,SMX-2535,https://suspensionmaxx.com/catalog?search_api_fulltext={sku},confirmed,search_results,custom,drupal_search_api,GET,search_api_fulltext,yes,no,,high,playwright_search_submit,
BMC Lights,BMC Lights,probable,https://bmclights.com/,BMC-RAM-250-HB-RGD-STD,https://bmclights.com/shop-for-bmc-kits/ols/search?keywords={sku},confirmed,search_results,custom,generic_keyword_search,GET,keywords,no,no,,high,manual_user_seed,Confirmed manual search route: https://bmclights.com/shop-for-bmc-kits/ols/search?keywords={sku}.
RockJock,RockJock,confirmed,https://www.rockjock4x4.com/,RJ-CE-9114,https://www.rockjock4x4.com/search?keywords={sku},confirmed,search_results,custom,generic_keyword_search,GET,keywords,yes,no,,high,playwright_search_submit,
ADS Shocks,ADS Shocks,probable,https://www.adsshocks.com/,ADS-100ADS-10084,https://www.adsshocks.com/search/?q={sku},confirmed,search_results,custom,path_or_query_search,GET,q,no,no,,high,manual_user_seed,
ARB,ARB,confirmed,https://arbusa.com/,ARB-AR09,https://store.arbusa.com/search-results-page?q={sku},confirmed,search_results,custom,path_or_query_search,GET,q,no,no,,high,manual_user_seed,
ATI Performance Products,ATI Performance Products,confirmed,https://www.atiracing.com/,ATI-917365,https://atiracing.com/search-results.htm?cx=017413898382317320130:lggw7qy_yqk&cof=FORID:11&q={sku},probable,custom_search,custom,path_or_query_search,GET,q,no,no,,review,manual_user_seed + html_form_detection,
Anvil Off-Road,Anvil Off-Road,probable,https://www.anviloffroad.ca/,AOR-2791AOR,https://www.holley.com/search/?q={sku},confirmed,search_results,custom,path_or_query_search,GET,q,no,no,,high,manual_parent_brand_holley_search,Anvil Off-Road uses Holley search. Confirmed manual search route: https://www.holley.com/search/?q={sku}.
B&M Shifters,B&M Shifters,probable,https://www.bmracing.com/,BM-45199,https://www.holley.com/search/?q={sku},confirmed,search_results,custom,path_or_query_search,GET,q,no,no,,high,inferred_parent_brand_holley_search,Inferred from live browser redirect: bmracing.com resolves onto a Holley-hosted brand page. Using Holley search route https://www.holley.com/search/?q={sku}.
BD-Power,BD-Power,confirmed,https://us.bddiesel.com/,BD-1027144,https://us.bddiesel.com/collections/shop?q={sku},confirmed,search_results,custom,path_or_query_search,GET,q,yes,no,,high,playwright_search_submit,
Baer Brake Systems,Baer Brake Systems,probable,https://www.baer.com/,BAER-2141023-2,https://www.baer.com/search/?q={sku},confirmed,search_results,custom,path_or_query_search,GET,q,yes,no,,high,playwright_search_submit,
Bilstein Shock Absorbers,Bilstein Shock Absorbers,probable,https://cart.bilsteinus.com/,BIL-24-158848,https://cart.bilsteinus.com/catalogue?typeofsearch=1&search_query_adv={sku},confirmed,search_results,custom,path_or_query_search,GET,search_query_adv,yes,yes,hidden_or_missing_search_ui,high,manual_user_seed,Confirmed manual search URL from site search UI. Existing note: No visible search input found
Cummins Diesel Parts,Cummins Diesel Parts,probable,https://parts.cummins.com/esn-entry/main,DPP-12VB,https://parts.cummins.com/global-search/main/{sku},confirmed,search_results,custom,path_or_query_search,GET,,yes,no,,high,playwright_search_submit,
Dana / Spicer,Dana / Spicer,probable,https://www.dana.com/,SPICER-SPL55-3X,https://www.dana.com/search/?q={sku},confirmed,search_results,custom,path_or_query_search,GET,q,yes,no,,high,playwright_search_submit,
Dipaco DTech Diesel Parts,Dipaco DTech Diesel Parts,probable,https://usdieselparts.com/,DT-650017,https://usdieselparts.com/search/?query={sku},confirmed,search_results,custom,path_or_query_search,GET,query,yes,no,,high,playwright_search_submit,
Driven Diesel,Driven Diesel,probable,http://www.drivendiesel.com/,DD-73L-OBA,https://www.strictlydiesel.com/isearch3?searchterm={sku},confirmed,search_results,custom,path_or_query_search,GET,searchterm,yes,yes,hidden_or_missing_search_ui,high,manual_user_seed,Vendor uses Strictly Diesel commerce search; cross-domain search route confirmed manually. Existing note: No visible search input found
Edge Products,Edge Products,probable,https://www.edgeproducts.com/,EDG-28405,https://www.edgeproducts.com/search/?q={sku},confirmed,search_results,custom,path_or_query_search,GET,q,no,no,http_403,high,manual_user_seed,Confirmed by manual site search flow: search 123 on site and record resulting URL. Existing note: search-template fetch error: HTTP Error 403: Forbidden
Fender Gripper,Fender Gripper,probable,https://www.holley.com/brands/fender_gripper/,FND-FG2001,https://www.holley.com/search/?q={sku},confirmed,search_results,custom,path_or_query_search,GET,q,no,no,,high,manual_parent_brand_holley_search,Fender Gripper uses Holley search. Confirmed manual search route: https://www.holley.com/search/?q={sku}.
Ford Motor Company,Ford Motor Company,probable,https://corporate.ford.com/about/brands/,FA-1757,https://www.ford.com/search/?f%3AsearchInputString={sku},confirmed,search_results,custom,path_or_query_search,GET,f:searchInputString,no,no,,high,manual_user_seed,Confirmed manual search route: https://www.ford.com/search/?f%3AsearchInputString={sku}.
Full Force Diesel,Full Force Diesel,probable,https://www.fullforcediesel.com/about-us/,FFD-FFD143,https://www.fullforcediesel.com/search?show_in_vexture=Yes&Search={sku},confirmed,search_results,custom,path_or_query_search,GET,Search,yes,yes,bot_challenge,high,manual_user_seed,Confirmed by manual site search flow: search 123 on site and record resulting URL. Existing note: Bot challenge page
HPS Performance,HPS Performance,probable,https://hpsperformanceproducts.com/,HPS-57-1539,https://hpsperformanceproducts.com/pages/search-results-page?q={sku},confirmed,search_results,custom,path_or_query_search,GET,q,no,no,,high,manual_user_seed,Confirmed manual search route: https://hpsperformanceproducts.com/pages/search-results-page?q={sku}.
Hays Clutches,Hays Clutches,probable,https://www.holley.com/brands/hays/,HAYS-92D-3000,https://www.holley.com/search/?q={sku},confirmed,search_results,custom,path_or_query_search,GET,q,no,no,,high,manual_parent_brand_holley_search,Hays Clutches uses Holley search. Confirmed manual search route: https://www.holley.com/search/?q={sku}.
Kleinn Air Horns,Kleinn Air Horns,probable,https://kleinn.com/,KLN-6880,https://kleinn.com/pages/search-results-page?q={sku},confirmed,search_results,custom,path_or_query_search,GET,q,no,yes,http_429,high,manual_user_seed,Confirmed by manual site search flow: search 123 on site and record resulting URL. Existing note: search-template fetch error: HTTP Error 429: Too Many Requests
MAHLE,MAHLE,probable,https://www.mahle.com/,MAH-54174,https://www.mahle.com/en/search/?q={sku},detected,search_results,custom,path_or_query_search,GET,q,no,no,,medium,jsonld_searchaction_or_html_form,
Mopar | Factory OEM Dodge Ram,Mopar | Factory OEM Dodge Ram,probable,https://www.mopar.com/en-us.html,MOP-52087514,https://www.mopar.com/en-us/search/results.html?search={sku},confirmed,search_results,custom,path_or_query_search,GET,search,no,no,http_403,high,manual_user_seed,Confirmed by manual site search flow: search 123 on site and record resulting URL. Existing note: search-template fetch error: HTTP Error 403: Forbidden
Proforged,Proforged Steering & Suspension,probable,https://proforged.com/,PROF-104-10966,https://proforged.com/search/?query={sku},confirmed,search_results,custom,path_or_query_search,GET,query,no,no,http_403,high,manual_user_seed,Confirmed by manual site search flow: search 123 on site and record resulting URL. Existing note: search-template fetch error: HTTP Error 403: Forbidden
Prothane,Prothane,probable,https://prothane.com/,PRTH-7-141,https://prothane.com/?post_type=product&product_cat=&s={sku},confirmed,search_results,custom,path_or_query_search,GET,s,yes,no,,high,playwright_search_submit,
Realtruck Superlift Suspension,RealTruck SuperLift Suspension,confirmed,https://realtruck.com/b/superlift/,RT-146,https://realtruck.com/search/?q={sku},detected,search_results,custom,path_or_query_search,GET,q,no,no,,medium,jsonld_searchaction_or_html_form,
RetroBright LED,RetroBright LED,probable,https://www.holley.com/brands/holley_retrobright/,RB-LFRB130,https://www.holley.com/search/?q={sku},confirmed,search_results,custom,path_or_query_search,GET,q,no,no,,high,manual_parent_brand_holley_search,RetroBright LED uses Holley search. Confirmed manual search route: https://www.holley.com/search/?q={sku}.
Sinister Diesel,Sinister Diesel,confirmed,https://sinisterdiesel.com/,SD-OC-6.0,https://sinisterdiesel.com/shop?Search={sku},confirmed,search_results,custom,path_or_query_search,GET,Search,no,no,,high,manual_form_action_validation,
SunCoast Performance,SunCoast Performance,confirmed,https://suncoastdiesel.com/,SC-68-1,https://suncoastdiesel.com/search-diesel.html?orientation=vertical&q={sku},confirmed,search_results,custom,path_or_query_search,GET,q,yes,yes,hidden_or_missing_search_ui,high,manual_user_seed,Confirmed manual search URL from site search UI. Existing note: No visible search input found
Superchips,Superchips,probable,https://superchips.com/,SC-1545,https://www.holley.com/search/?q={sku},confirmed,search_results,custom,path_or_query_search,GET,q,no,no,,high,inferred_parent_brand_holley_search,Inferred from live browser redirect: superchips.com resolves onto a Holley-hosted brand page. Using Holley search route https://www.holley.com/search/?q={sku}.
Tekonsha,Tekonsha,confirmed,https://www.tekonsha.com/,TEK-9030,,unresolved,,custom,post_search_results,POST+GET,,no,no,,low,manual_post_search_endpoint,Site search submits POST /api/ue/AddSiteVisitorSearchResults then lands on GET /SearchResults; autocomplete endpoint GET /Api/Search/GetProdAutocomplete?value={sku}&cat=all.
Nitrous Express,Nitrous Express,probable,https://www.nitrousexpress.com/,NX-D1000,https://www.nitrousexpress.com/search.asp?search_prod={sku},confirmed,search_results,custom,product_search_search_prod,GET,search_prod,yes,no,,high,playwright_search_submit,
Snow Performance,Snow Performance,confirmed,https://www.snowperformance.net/,SP-430,https://www.nitrousexpress.com/search.asp?search_prod={sku},confirmed,search_results,custom,product_search_search_prod,GET,search_prod,yes,no,,high,playwright_search_submit,
Dynomite Diesel,Dynomite Diesel,probable,https://dynomitediesel.com/,DDP-67CON,https://dynomitediesel.com/search?type=product&q={sku},detected,search_results,custom,shopify_product_search,GET,q,no,no,,medium,jsonld_searchaction_or_html_form,
Empire Performance Engineering,Empire Performance Engineering,probable,https://empireperformance.com.au/,,https://empireperformance.com.au/search?type=product&q={sku},confirmed,search_results,custom,shopify_product_search,GET,q,yes,no,,high,playwright_search_submit,Captured by live browser submit on vendor site using generic probe query. Search UI resolved to https://empireperformance.com.au/search?type=product&q={sku}.
SSBC-USA,SSBC-USA,confirmed,https://ssbc-usa.com/,SSBC-10126,https://ssbc-usa.com/search?type=product&q={sku},confirmed,search_results,custom,shopify_product_search,GET,q,yes,no,,high,playwright_search_submit,
Turbo Time USA,Turbo Time USA,confirmed,https://turbotimeusa.com/,TTP-LB-VGT-60,https://turbotimeusa.com/search?type=product%2Carticle%2Cpage&q={sku},confirmed,search_results,custom,shopify_product_search,GET,q,yes,no,,high,playwright_search_submit,
Borgeson,Borgeson,probable,https://www.borgeson.com/,BG-800123,https://www.borgeson.com/?target=search&mode=search&substring={sku}&including=all,confirmed,search_results,custom,substring_search,GET,substring,no,no,sample_sku_no_results,high,manual_user_seed,Confirmed manual search URL from site search UI. Existing note: Search returned no results
Fumoto Engineering,Fumoto Engineering,confirmed,https://www.fumotousa.com/,F-104,https://www.fumotousa.com/?target=search&mode=search&substring={sku}&including=all,confirmed,search_results,custom,substring_search,GET,substring,yes,no,,high,playwright_search_submit,
Synergy Manufacturing,Synergy Manufacturing,confirmed,https://www.synergymfg.com/,SYN-8581,https://www.synergymfg.com/?target=search&mode=search&substring={sku},confirmed,search_results,custom,substring_search,GET,substring,yes,no,,high,playwright_search_submit,
73dipstick.com,73dipstick.com,probable,https://73dipstick.com/,73D-110448,,unresolved,,custom,unresolved,,,yes,yes,hidden_or_missing_search_ui,low,,No visible search input found
American Axle & Manufacturing (AAM),American Axle & Manufacturing (AAM),probable,https://www.aam.com/,AAM-DS U-926,,unresolved,,custom,unresolved,,,yes,yes,hidden_or_missing_search_ui,low,,No visible search input found
Baldwin Filters,Baldwin Filters,probable,https://www.baldwinfilters.com/us/en.html,PF7977,,unresolved,,custom,unresolved,,,no,no,http_403,blocked,,search-template fetch error: HTTP Error 403: Forbidden
EZ LYNK,EZ LYNK,probable,https://www.ezlynk.com/,EZ-100EE00AA3,,unresolved,,custom,unresolved,,,yes,yes,hidden_or_missing_search_ui,low,,No visible search input found
Eastern Industries,Eastern Industries,probable,http://eastern-industries.com/,EI-18-1575,,unresolved,,custom,unresolved,,,yes,yes,hidden_or_missing_search_ui,low,,No visible search input found
Extend,Extend,probable,https://www.extend.com/,Extend-Protection-Plan-0.09,,unresolved,,custom,unresolved,,,yes,yes,hidden_or_missing_search_ui,low,,No visible search input found
FASS EGR Solutions,FASS EGR Solutions,probable,https://fassegrsolutions.com/,FASS-EGRC17,,unresolved,,custom,unresolved,,,yes,yes,hidden_or_missing_search_ui,low,,No visible search input found
Gator Fasteners,Gator Fasteners,probable,https://gatorfasteners.com/,GF-HSK64,,unresolved,,custom,unresolved,,,no,yes,http_405,blocked,,search-template fetch error: HTTP Error 405: Not Allowed
Gearhead Automotive Performance,Gearhead Automotive Performance,probable,https://www.gearheadautomotive.co/,SCT-7015C60-SN,,unresolved,,custom,unresolved,,,yes,yes,hidden_or_missing_search_ui,low,,No visible search input found
HUBB Reuseable Oil Filters,HUBB Reuseable Oil Filters,probable,https://www.hubbfilters.com/,HUBB-3304,,unresolved,,custom,unresolved,,,yes,yes,hidden_or_missing_search_ui,low,,No visible search input found
Hawk Performance,Hawk Performance,probable,https://www.hawkperformance.com/,HAWK-HTC4466,,unresolved,,custom,unresolved,,,yes,yes,hidden_or_missing_search_ui,low,,No visible search input found
Hypertech,Hypertech,probable,https://hypertech.com/,HYP-730127,,unresolved,,custom,unresolved,,,yes,yes,hidden_or_missing_search_ui,low,,No visible search input found
Mile Marker,Mile Marker,probable,https://www.milemarker.com/pages/about-us,MM-19-00105,,unresolved,,custom,unresolved,,,yes,yes,bot_challenge,blocked,,Bot challenge page
NAPA Filters,NAPA Filters,probable,https://napa-filters.com/filter-lookup,NAPA-3408,,unresolved,,custom,unresolved,,,yes,yes,hidden_or_missing_search_ui,low,,No visible search input found
Nitro Gear & Axle,Nitro Gear & Axle,probable,https://www.nitro-gear.com/,AEV-NRM43400AA,,unresolved,,custom,unresolved,,,no,no,ssl,low,,search-template fetch error: <urlopen error [SSL: CERTIFICATE_VERIFY_FAILED] certificate verify failed: unable to get local issuer certificate (_ssl.c:1129)>
Paramount Automotive,Paramount Automotive,probable,https://www.paramountauto.com/about/,,,unresolved,,custom,unresolved,,,no,no,http_403,blocked,,search-template fetch error: HTTP Error 403: Forbidden
Ranch Hand,Ranch Hand,probable,https://www.ranchhandbumpershop.com/about-us/,RNH-BBD948BLS,,unresolved,,custom,unresolved,,,no,no,http_500,low,,search-template fetch error: HTTP Error 500: Internal Server Error
River City Turbo,River City Turbo,no_site,https://rivercityturbo.com/,RCT-GM-3,,unresolved,,custom,unresolved,,,no,no,,low,manual_no_searchable_vendor_site,User confirmed there is no searchable vendor website. Existing homepage is an under-construction brochure site only.
Silverline Exhaust,Silverline Exhaust,probable,https://www.ansaautomotive.com/,SLV-UDM1,,unresolved,,custom,unresolved,,,no,no,,low,,"search-template fetch error: <urlopen error [Errno 8] nodename nor servname provided, or not known>"
Smarty by MADS Electronics,Smarty by MADS Electronics,no_site,https://madselectronics.com/,ME-J-06,,unresolved,,custom,unresolved,,,no,no,,low,manual_no_searchable_vendor_site,User confirmed there is no searchable vendor website. madselectronics.com redirects away and does not expose a usable vendor search path.
Street Performance,Street Performance,probable,https://street-performance.com/,SP-PD805,,unresolved,,custom,unresolved,,,no,no,unknown_page_type,low,,Unknown page type
WeatherTech,WeatherTech,probable,https://www.weathertech.com/,WT-440612,,unresolved,,custom,unresolved,,,no,no,http_403,blocked,,search-template fetch error: HTTP Error 403: Forbidden
FASS Fuel Systems,FASS Fuel Systems,confirmed,https://www.fassride.com/,DDP-RK-04,https://shop.fassride.com/Products/Search?search={sku},confirmed,search_results,custom_api,json_product_search,GET,search,no,no,,high,manual_json_api_id_detail,"Validated against the live Midway widget. The popup search uses input#search-field inside .midway-search-input-container and calls GET https://shop.fassride.com/Products/Search?search={sku}. Use the JSON products[] hit, score by partNumber, then build https://www.fassride.com/details?id={id}. The raw search endpoint alone is not sufficient for prefixed alias SKUs because it can return fuzzy matches."
AEV | American Expedition Vehicles,AEV | American Expedition Vehicles,confirmed,https://aev-conversions.com/,AEV-N0340000AB,https://aev-conversions.com/search?q={sku},confirmed,search_results,generic_get_search,generic_q_search,GET,q,no,no,,high,manual_user_seed,
ATS Diesel Performance,ATS Diesel Performance,confirmed,https://atsdiesel.com/,ATS-1039093278,https://atsdiesel.com/search?q={sku},confirmed,search_results,generic_get_search,generic_q_search,GET,q,no,no,,high,manual_user_seed,
Accutrim,Accutrim,confirmed,https://www.accu-trim.com/,AF-928,https://accu-trim.com/search?q={sku},probed,search_results,generic_get_search,generic_q_search,GET,q,yes,no,,medium,common_template_probe_with_playwright,
Adams Driveshaft & Offroad,Adams Driveshaft & Offroad,confirmed,https://www.adamsdriveshaftoffroad.com/,ADAMS-RAM-1350F-5GEN,https://www.adamsdriveshaftoffroad.com/search?q={sku},detected,search_results,generic_get_search,generic_q_search,GET,q,no,no,,medium,jsonld_searchaction_or_html_form,
Air Lift Company,Air Lift Company,confirmed,https://www.airliftcompany.com/,AL-57399,https://airliftcompany.com/search?q={sku},probed,search_results,generic_get_search,generic_q_search,GET,q,yes,no,,medium,common_template_probe_with_playwright,
Apex Chassis,Apex Chassis,probable,https://apexchassis.com/,APX-BJ162,https://apexchassis.com/search?q={sku}&search=,confirmed,search_results,generic_get_search,generic_q_search,GET,q,yes,yes,hidden_or_missing_search_ui,high,manual_user_seed,Confirmed manual search URL from site search UI. Existing note: No visible search input found
Artec Industries,Artec Industries,probable,https://artecindustries.com/,ARTEC-TR1101,https://artecindustries.com/search?q={sku},detected,search_results,generic_get_search,generic_q_search,GET,q,no,no,,medium,jsonld_searchaction_or_html_form,
Axiom Supply,Axiom Supply,probable,https://axiomsupply.com/,AXS-AXTL03,https://axiomsupply.com/search?q={sku},detected,search_results,generic_get_search,generic_q_search,GET,q,no,no,,medium,jsonld_searchaction_or_html_form,
BDS Suspension,BDS Suspension,confirmed,https://bds-suspension.com/,BDS-189H,https://bds-suspension.com/search?q={sku},detected,search_results,generic_get_search,generic_q_search,GET,q,no,no,,medium,jsonld_searchaction_or_html_form,
Banks Power,Banks Power,confirmed,https://bankspower.com/,BAN-25987,https://bankspower.com/search?q={sku},detected,search_results,generic_get_search,generic_q_search,GET,q,no,no,,medium,jsonld_searchaction_or_html_form,
Big Days,Big Days,probable,https://big-days.com/collections/accessories,BND-R1000,https://big-days.com/search?q={sku},detected,search_results,generic_get_search,generic_q_search,GET,q,no,no,,medium,jsonld_searchaction_or_html_form,
Bitterroot Diesel Performance,Bitterroot Diesel Performance,probable,https://bitterrootdiesel.com/,BDP-ZF6BOOTAMACH,https://bitterrootdiesel.com/search?q={sku}&type=product,confirmed,search_results,generic_get_search,generic_q_search,GET,q,yes,no,,high,playwright_search_submit,
Blend Door USA,Blend Door USA,confirmed,https://www.blenddoorusa.com/,BDUSA-5DR,https://www.blenddoorusa.com/search?q={sku},confirmed,search_results,generic_get_search,generic_q_search,GET,q,yes,no,,high,playwright_search_submit,
BuiltRight Industries,BuiltRight Industries,probable,https://builtrightind.com/,BRI-104012,https://builtrightind.com/search?q={sku},detected,search_results,generic_get_search,generic_q_search,GET,q,no,no,,medium,jsonld_searchaction_or_html_form,
BulletProof Diesel,BulletProof Diesel,probable,https://bulletproofdiesel.com/,BPD-6700001,https://bulletproofdiesel.com/search?q={sku},detected,search_results,generic_get_search,generic_q_search,GET,q,no,no,,medium,jsonld_searchaction_or_html_form,
BulletProof Hitches,BulletProof Hitches,probable,https://www.bulletproofhitches.com/,BPH-MD204,https://www.bulletproofhitches.com/search?q={sku},confirmed,search_results,generic_get_search,generic_q_search,GET,q,no,no,,high,manual_user_seed,Confirmed manual search URL from site search UI. Existing note: Unable to populate search input
CJC Off-Road,CJC Off-Road,probable,https://www.cjcoffroad.com/,CJC-3500-PLOW,https://www.cjcoffroad.com/search?q={sku},confirmed,search_results,generic_get_search,generic_q_search,GET,q,yes,no,,high,playwright_search_submit,
CR2 Performance & Fabrication,CR2 Performance & Fabrication,probable,https://cr2fabrication.com/pages/contact,CR2-10100,https://cr2fabrication.com/search?q={sku},detected,search_results,generic_get_search,generic_q_search,GET,q,no,no,,medium,jsonld_searchaction_or_html_form,
Cometic Gaskets,Cometic Gaskets,confirmed,https://www.cometic.com/,COM-C4514,https://cometic.com/products/search?q={sku},probed,search_results,generic_get_search,generic_q_search,GET,q,yes,no,,medium,common_template_probe_with_playwright,
Complete Performance,Complete Performance,probable,https://cpaddict.com/,CP-310,https://cpaddict.com/search?q={sku},detected,search_results,generic_get_search,generic_q_search,GET,q,no,no,,medium,jsonld_searchaction_or_html_form,
Customs Unlimited,Customs Unlimited,probable,https://customsunlimited.com/pages/about-us,CU-284-N-A13,https://customsunlimited.com/search?q={sku},detected,search_results,generic_get_search,generic_q_search,GET,q,no,no,,medium,jsonld_searchaction_or_html_form,
D&J Precision Machine,D&J Precision Machine,probable,https://djprecisionmachine.com/,DJ-DJPLB100076,https://djprecisionmachine.com/search?q={sku},detected,search_results,generic_get_search,generic_q_search,GET,q,no,no,,medium,jsonld_searchaction_or_html_form,
Daystar,Daystar,probable,https://daystarproducts.com/pages/dealer-locator,DAY-KU31001,https://daystarproducts.com/search?q={sku},detected,search_results,generic_get_search,generic_q_search,GET,q,no,no,,medium,jsonld_searchaction_or_html_form,
Diesel Power Products,Diesel Power Products,probable,https://www.dieselpowerproducts.com/pages/contact,DPP-506,https://dieselpowerproducts.com/search?q={sku},detected,search_results,generic_get_search,generic_q_search,GET,q,no,no,,medium,jsonld_searchaction_or_html_form,
Diesel Rx,Diesel Rx,probable,https://dieselrx.com/,DRX01005,https://dieselrx.com/search?q={sku},probed,search_results,generic_get_search,generic_q_search,GET,q,no,no,,medium,common_template_probe,
Dirt Church Industries,Dirt Church Industries,probable,https://dirtchurchindustries.com/,ARB-CKMTA12,https://dirtchurchindustries.com/search?q={sku},detected,search_results,generic_get_search,generic_q_search,GET,q,no,no,,medium,jsonld_searchaction_or_html_form,
Dynatrac,Dynatrac,probable,https://www.dynatrac.com/pages/about-us,DYN-BJK-D60A,https://www.dynatrac.com/search?q={sku},detected,search_results,generic_get_search,generic_q_search,GET,q,no,no,,medium,jsonld_searchaction_or_html_form,
EMF Ball Joints,EMF Ball Joints,probable,https://emfballjoints.com/collections,EMF-DSB-3999-PAIR,https://emfballjoints.com/search?q={sku},confirmed,search_results,generic_get_search,generic_q_search,GET,q,yes,no,,high,playwright_search_submit,
FOX Shocks,FOX Shocks,confirmed,https://ridefox.com/,FOX-98502127,https://ridefox.com/search?q={sku},detected,search_results,generic_get_search,generic_q_search,GET,q,no,no,,medium,jsonld_searchaction_or_html_form,
Factor 55,Factor 55,confirmed,https://www.factor55.com/,FF-00013,https://www.factor55.com/search?q={sku},confirmed,search_results,generic_get_search,generic_q_search,GET,q,yes,no,,high,playwright_search_submit,
Factory Aftermarket,Factory Aftermarket,probable,https://factoryaftermarket.com/collections/all,FA-FSD-CS-2022,https://factoryaftermarket.com/search?q={sku},detected,search_results,generic_get_search,generic_q_search,GET,q,no,no,,medium,jsonld_searchaction_or_html_form,
Fast Coolers,Fast Coolers,probable,https://www.fastcoolers.com/,FC-2FCVR,https://www.fastcoolers.com/search?q={sku},detected,search_results,generic_get_search,generic_q_search,GET,q,no,no,,medium,jsonld_searchaction_or_html_form,
Full Send Diesel,Full Send Diesel,probable,https://fullsenddiesel.com/,FSD-01-B,https://fullsenddiesel.com/search?q={sku},detected,search_results,generic_get_search,generic_q_search,GET,q,no,no,,medium,jsonld_searchaction_or_html_form,
Gen-Y Hitch,GEN-Y Hitch,probable,https://genyhitch.com/,GH-060,https://genyhitch.com/search?q={sku},confirmed,search_results,generic_get_search,generic_q_search,GET,q,no,no,,high,manual_user_seed,Confirmed manual search route: https://genyhitch.com/search?q={sku}.
Generic Race Parts (GRP),Generic Race Parts (GRP),probable,https://www.gregsraceparts.com/,GRP-FUELCAP,https://www.gregsraceparts.com/search?q={sku},confirmed,search_results,generic_get_search,generic_q_search,GET,q,yes,no,,high,playwright_search_submit,
Glacier Diesel Power,Glacier Diesel Power,probable,https://www.glacierdieselpower.com/,GDP-1012FE,https://www.glacierdieselpower.com/search?q={sku},detected,search_results,generic_get_search,generic_q_search,GET,q,no,no,,medium,jsonld_searchaction_or_html_form,
Grizzly,Grizzly Products,probable,https://www.grizzly.com/,GZ-GA108,https://www.grizzly.com/search?q={sku},detected,search_results,generic_get_search,generic_q_search,GET,q,no,no,,medium,jsonld_searchaction_or_html_form,
H&S Motorsports,H&S Motorsports,confirmed,https://hsmotorsports.com/,HS-121003,https://hsmotorsports.com/search?q={sku},probed,search_results,generic_get_search,generic_q_search,GET,q,yes,no,,medium,common_template_probe_with_playwright,
Holders Diesel,Holders Diesel,probable,https://holdersdiesel.com/collections/all,HD-60-STK-PS,https://holdersdiesel.com/search?q={sku},detected,search_results,generic_get_search,generic_q_search,GET,q,yes,no,,medium,jsonld_searchaction_or_html_form_with_playwright,
ICON Alloys,ICON Alloys,confirmed,https://iconvehicledynamics.com/collections/wheel,IA-192050,https://iconvehicledynamics.com/search?q={sku},detected,search_results,generic_get_search,generic_q_search,GET,q,no,no,,medium,jsonld_searchaction_or_html_form,.com tld; vendor key present in result text; deep path candidate
ICON Vehicle Dynamics,ICON Vehicle Dynamics,confirmed,https://iconvehicledynamics.com/,ICON-37024,https://iconvehicledynamics.com/search?q={sku},detected,search_results,generic_get_search,generic_q_search,GET,q,no,no,,medium,jsonld_searchaction_or_html_form,
JKS Manufacturing,JKS Manufacturing,probable,https://jksmfg.com/,JKS-JKS2033,https://jksmfg.com/search?q={sku},detected,search_results,generic_get_search,generic_q_search,GET,q,no,no,,medium,jsonld_searchaction_or_html_form,
KC Turbos,KC Turbos,confirmed,https://kcturbos.com/,KC-300365,https://kcturbos.com/search?q={sku},detected,search_results,generic_get_search,generic_q_search,GET,q,no,no,,medium,jsonld_searchaction_or_html_form,
Kryptonite,Kryptonite Products,probable,https://kryptoniteproducts.com/,KRY-KR175,https://kryptoniteproducts.com/search?q={sku},confirmed,search_results,generic_get_search,generic_q_search,GET,q,yes,no,,high,playwright_search_submit,
MBRP Exhaust,MBRP Exhaust,confirmed,https://mbrpexhauststore.com/,MBRP-T5156,https://mbrpexhauststore.com/search?q={sku},probed,search_results,generic_get_search,generic_q_search,GET,q,yes,no,,medium,common_template_probe_with_playwright,
MagnaFlow Exhaust,MagnaFlow Exhaust,probable,https://www.magnaflow.com/,MF-12775,https://www.magnaflow.com/search?q={sku},confirmed,search_results,generic_get_search,generic_q_search,GET,q,yes,no,,high,playwright_search_submit,
Mel's Manufacturing,Mel's Manufacturing,confirmed,https://www.melsmfg.com/,MEL-6185,https://www.melsmfg.com/search?q={sku},detected,search_results,generic_get_search,generic_q_search,GET,q,no,no,,medium,jsonld_searchaction_or_html_form,.com tld; vendor key present in result text; deep path candidate
Method Race Wheels,Method Race Wheels,confirmed,https://www.methodracewheels.com/,MRW-MR301785,https://www.methodracewheels.com/search?q={sku},confirmed,search_results,generic_get_search,generic_q_search,GET,q,yes,no,,high,playwright_search_submit,
Mob Armor,Mob Armor,probable,https://www.mobarmor.com/,MOBM2-BLK-LG,https://www.mobarmor.com/search?q={sku},detected,search_results,generic_get_search,generic_q_search,GET,q,no,no,,medium,jsonld_searchaction_or_html_form,
Morimoto,Morimoto,confirmed,https://www.morimotohid.com/,MOR-LF553,https://morimotohid.com/search?q={sku},probed,search_results,generic_get_search,generic_q_search,GET,q,yes,no,,medium,common_template_probe_with_playwright,
NRS Galvanized Brakes,NRS Galvanized Brakes,probable,https://nrsbrakes.com/,NRS-NS909,https://nrsbrakes.com/search?q={sku},detected,search_results,generic_get_search,generic_q_search,GET,q,yes,no,,medium,jsonld_searchaction_or_html_form_with_playwright,
OLM Lighting,OLM Lighting,confirmed,https://olm.com/,OLM-OLME.16016.1,https://olm.com/search?q={sku},confirmed,search_results,generic_get_search,generic_q_search,GET,q,yes,no,,high,playwright_search_submit,
Oracle Lighting,Oracle Lighting,probable,http://oraclelighting.channelsync.com/,ORA-5865-504,https://www.oraclelights.com/search?q={sku},confirmed,search_results,generic_get_search,generic_q_search,GET,q,no,no,,high,manual_user_seed,Confirmed manual search route: https://www.oraclelights.com/search?q={sku}.
"PPEI | Power Performance Enterprises, Inc | EFILive by Kory Willis","PPEI | Power Performance Enterprises, Inc | EFILive by Kory Willis",probable,https://ppei.com/,PPEI-EZLYNK30-LML,https://ppei.com/search?q={sku},detected,search_results,generic_get_search,generic_q_search,GET,q,yes,no,,medium,jsonld_searchaction_or_html_form_with_playwright,
PROJECT X,PROJECT X,probable,https://projectxoffroad.com/,PX-AC538806-1,https://projectxoffroad.com/search?q={sku},detected,search_results,generic_get_search,generic_q_search,GET,q,yes,no,,medium,jsonld_searchaction_or_html_form_with_playwright,
PSC,PSC Performance Steering Components,probable,https://www.pscsteering.com/,PSC-SG851,https://www.pscsteering.com/search?q={sku},detected,search_results,generic_get_search,generic_q_search,GET,q,yes,no,,medium,jsonld_searchaction_or_html_form_with_playwright,
Performance Diesel Inc.,Performance Diesel Inc.,confirmed,https://pdidiesel.com/,PDI-3466CR,https://pdidiesel.com/search?q={sku},detected,search_results,generic_get_search,generic_q_search,GET,q,no,no,,medium,jsonld_searchaction_or_html_form,.com tld; vendor key present in result text; root path
Pro Eagle Floor Jacks,Pro Eagle Floor Jacks,probable,https://www.proeagle.com/,PE-EXT8,https://www.proeagle.com/search?q={sku},detected,search_results,generic_get_search,generic_q_search,GET,q,no,no,,medium,jsonld_searchaction_or_html_form,
PureDPF,PureDPF,probable,https://www.puredpf.com/,PDPF-P-DPF-44003,https://www.puredpf.com/search?q={sku},detected,search_results,generic_get_search,generic_q_search,GET,q,no,no,,medium,jsonld_searchaction_or_html_form,
RECON Lighting,RECON Lighting,probable,https://gorecon.com/,REC-26413,https://gorecon.com/search?q={sku},detected,search_results,generic_get_search,generic_q_search,GET,q,yes,no,,medium,jsonld_searchaction_or_html_form_with_playwright,
Racor,Racor,probable,https://racorstore.com/,RAC-RK4616,https://racorstore.com/search?q={sku},confirmed,search_results,generic_get_search,generic_q_search,GET,q,yes,no,,high,playwright_search_submit,
Rare Parts Steering and Suspension,Rare Parts Steering and Suspension,probable,https://www.rareparts.com/,RP20610,https://rareparts.com/search?q={sku},probed,search_results,generic_get_search,generic_q_search,GET,q,no,no,,medium,common_template_probe,
Red-Head Steering Gears Inc.,Red-Head Steering Gears Inc.,confirmed,https://redheadsteeringgears.com/,RH-2773,https://redheadsteeringgears.com/search?q={sku},probed,search_results,generic_get_search,generic_q_search,GET,q,no,no,,medium,common_template_probe,
"Reid Racing, Inc.","Reid Racing, Inc.",probable,https://www.reidracing.com/,REID-D60005-2,https://www.reidracing.com/search?q={sku},detected,search_results,generic_get_search,generic_q_search,GET,q,no,no,,medium,jsonld_searchaction_or_html_form,
RokBlokz,RokBlokz Mud Flaps,confirmed,https://rokblokz.com/,RKB-F17SRW-BK-BK,https://rokblokz.com/search?q={sku},confirmed,search_results,generic_get_search,generic_q_search,GET,q,yes,no,,high,playwright_search_submit,
SDHQ Off Road,SDHQ Off Road,confirmed,https://sdhqoffroad.com/,SDHQ-10-1131-G4,https://sdhqoffroad.com/search?q={sku},detected,search_results,generic_get_search,generic_q_search,GET,q,no,no,,medium,jsonld_searchaction_or_html_form,
Schaeffer's Lubricants,Schaeffer's Lubricants,confirmed,https://www.schaefferoil.com/,SL-0219,https://schaefferoil.com/search?q={sku},probed,search_results,generic_get_search,generic_q_search,GET,q,no,no,,medium,common_template_probe,
Snyder Performance Engineering,Snyder Performance Engineering,confirmed,https://www.spemotorsport.com/,SPE-67HTFK,https://www.spemotorsport.com/search?q={sku},confirmed,search_results,generic_get_search,generic_q_search,GET,q,yes,no,,high,playwright_search_submit,
South Bend Clutch,South Bend Clutch,confirmed,https://southbendclutch.com/,SBC-0090,https://southbendclutch.com/search?q={sku},confirmed,search_results,generic_get_search,generic_q_search,GET,q,yes,no,,high,playwright_search_submit,
SteerSmarts,SteerSmarts,confirmed,https://steersmarts.com/,SS-714001,https://steersmarts.com/search?q={sku},detected,search_results,generic_get_search,generic_q_search,GET,q,no,no,,medium,jsonld_searchaction_or_html_form,
Sulastic Rubber Springs,Sulastic Rubber Springs,confirmed,https://sulastic.com/en/,SUL-SC-15,https://sulastic.com/en/search?q={sku},confirmed,search_results,generic_get_search,generic_q_search,GET,q,yes,no,,high,playwright_search_submit,
TS Performance,TS Performance,confirmed,https://www.tsperformanceofficial.com/,TS-1290301,/search?q={sku},detected,search_results,generic_get_search,generic_q_search,GET,q,no,no,,medium,jsonld_searchaction_or_html_form,
Timbren,Timbren,confirmed,https://timbren.com/,TB-DR250,https://timbren.com/search?q={sku},detected,search_results,generic_get_search,generic_q_search,GET,q,no,no,,medium,jsonld_searchaction_or_html_form,
USA Standard Gear,USA Standard Gear,confirmed,https://www.usastandardgear.com/,USG-ZSG7616,https://www.usastandardgear.com/search?q={sku},detected,search_results,generic_get_search,generic_q_search,GET,q,no,no,,medium,jsonld_searchaction_or_html_form,
Volant,Volant,confirmed,https://volant.com/,VOL-35066,https://volant.com/search?q={sku},confirmed,search_results,generic_get_search,generic_q_search,GET,q,yes,no,,high,playwright_search_submit,
Warn,BorgWarner,probable,https://www.warn.com/,WARN-17801,https://warn.com/search?q={sku},probed,search_results,generic_get_search,generic_q_search,GET,q,no,no,,medium,common_template_probe,
Westin,Westin Automotive Products,probable,https://www.westinautomotive.com/,WES-21-1315,https://westinautomotive.com/search?q={sku},probed,search_results,generic_get_search,generic_q_search,GET,q,no,no,,medium,common_template_probe,
XDP,XDP,probable,https://www.xtremediesel.com/,XDP-XD200,https://www.xtremediesel.com/xtreme-diesel-performance-xdp-search?q={sku},confirmed,search_results,generic_get_search,generic_q_search,GET,q,no,no,,high,manual_user_seed_xdp_bot_sensitive,Confirmed manual search route: https://www.xtremediesel.com/xtreme-diesel-performance-xdp-search?q={sku}. XDP is bot-sensitive; prefer schema lookup and the existing anti-bot handling where possible.
XS Power,XS Power,confirmed,https://4xspower.com/,XS-580,https://4xspower.com/search?q={sku},confirmed,search_results,generic_get_search,generic_q_search,GET,q,no,no,,high,manual_shopify_search_validation,Search route validated; sample SKU returned a no-results page.
Yukon Gear & Axle,Yukon Gear & Axle,confirmed,https://www.yukongear.com/,YUK-YGK058,https://www.yukongear.com/search?q={sku},detected,search_results,generic_get_search,generic_q_search,GET,q,no,no,,medium,jsonld_searchaction_or_html_form,
Zone Offroad Suspension,Zone Offroad Suspension,confirmed,https://zoneoffroad.com/,ZON-D9,https://zoneoffroad.com/search?q={sku},detected,search_results,generic_get_search,generic_q_search,GET,q,no,no,,medium,jsonld_searchaction_or_html_form,
Zumbrota Drivetrain,Zumbrota Drivetrain,confirmed,https://www.zumbrotadrivetrain.com/,ZUM-RTC241DHD-7,https://www.zumbrotadrivetrain.com/search?q={sku},detected,search_results,generic_get_search,generic_q_search,GET,q,no,no,,medium,jsonld_searchaction_or_html_form,
Power Driven Diesel,Power Driven Diesel,probable,https://powerdriven.com/,PDD-RIT0001,https://powerdriven.com/pages/search?query={sku},confirmed,search_results,generic_get_search,generic_query_search,GET,query,no,no,,high,manual_user_confirmed_existing_vendor_search,User previously confirmed Power Driven Diesel search route: https://powerdriven.com/pages/search?query={sku}.
S&B,S&B,confirmed,https://sbfilters.com/,SB-832018,https://sbfilters.com/pages/search?query={sku},confirmed,search_results,generic_get_search,generic_query_search,GET,query,no,yes,http_429,high,manual_user_seed,Confirmed manual search URL from site search UI. Existing note: search-template fetch error: HTTP Error 429: Too Many Requests
Total Seal Piston Rings,Total Seal Piston Rings,confirmed,https://www.totalseal.com/,TSPR-S4194,https://totalseal.com/search?query={sku},probed,search_results,generic_get_search,generic_query_search,GET,query,no,no,,medium,common_template_probe,
ISSPRO,ISSPRO,confirmed,https://isspro.com/,ISS-R8912,https://isspro.com/Search/PartNoSearch?q={sku},probed,search_results,generic_get_search,part_number_search,GET,q,no,no,,medium,common_template_probe,
"Wilwood Engineering, Inc.","Wilwood Engineering, Inc.",confirmed,https://wilwood.com/,WIL-220-9811,https://wilwood.com/Search/PartNoSearch?q={sku},confirmed,search_results,generic_get_search,part_number_search,GET,q,yes,no,,high,playwright_search_submit,
AFE,AFE,confirmed,https://afepower.com/,46-71370B,https://afepower.com/catalogsearch/result/?q={sku},confirmed,search_results,magento,magento_catalogsearch,GET,q,no,no,,high,manual_user_seed,
American Racing Wheels | ATX Series,American Racing Wheels | ATX Series,probable,https://www.atxwheels.com/,AR-AR1726882,https://www.atxwheels.com/catalogsearch/result/?q={sku},confirmed,search_results,magento,magento_catalogsearch,GET,q,yes,yes,hidden_or_missing_search_ui,high,manual_user_seed,Confirmed manual search URL from site search UI. Existing note: No visible search input found
Auto Meter,Auto Meter,probable,https://www.autometer.com/,AM-8586,https://www.autometer.com/catalogsearch/result?q={sku},confirmed,search_results,magento,magento_catalogsearch,GET,q,no,no,http_403,high,manual_user_seed,"Manual note: appending SKU lands on a 0-results page, waits a few seconds, then refreshes into the product page. Existing note: search-template fetch error: HTTP Error 403: Forbidden"
Black Rhino Wheels,Black Rhino Wheels,confirmed,https://www.blackrhinowheels.com/,BRW-1795ARY-88170G25,https://www.blackrhinowheels.com/catalogsearch/result/?q={sku},confirmed,search_results,magento,magento_catalogsearch,GET,q,no,no,,high,manual_magento_form_validation,
Borne Off-Road,Borne Off-Road,probable,https://rogue-offroad.com/Borne-Off-Road_bymfg_275-0-1.html,BOR-BNSB-8,https://www.borne.com/catalogsearch/result/?q={sku},confirmed,search_results,magento,magento_catalogsearch,GET,q,yes,yes,bot_challenge,high,manual_user_seed,Confirmed manual search URL from site search UI. Existing note: Bot challenge page
Cognito Motorsports Suspension,Cognito Motorsports Suspension,probable,https://cognitomotorsports.com/,CM-110-90715,https://cognitomotorsports.com/catalogsearch/result/?q={sku},confirmed,search_results,magento,magento_catalogsearch,GET,q,yes,no,,high,playwright_search_submit,
Diode Dynamics,Diode Dynamics,probable,https://www.diodedynamics.com/,DD-DD7120,https://www.diodedynamics.com/catalogsearch/result/?q={sku},detected,search_results,magento,magento_catalogsearch,GET,q,no,no,,medium,jsonld_searchaction_or_html_form,
Fleece Performance Engineering,Fleece Performance Engineering,confirmed,https://www.fleeceperformance.com/,FPE-CP3X2,https://www.fleeceperformance.com/catalogsearch/result/?q={sku},detected,search_results,magento,magento_catalogsearch,GET,q,no,no,,medium,jsonld_searchaction_or_html_form,
Fleetguard Filters,Fleetguard Filters,probable,https://fleet-reliable-filters.com/catalogs,FG-LF9028,https://fleet-reliable-filters.com/catalogsearch/result/index/?q={sku},detected,search_results,magento,magento_catalogsearch,GET,q,no,no,,medium,jsonld_searchaction_or_html_form,
Flex-A-Lite,Flex-A-Lite,probable,https://flex-a-lite.com/,FAL-103961,https://flex-a-lite.com/catalogsearch/result/?q={sku},confirmed,search_results,magento,magento_catalogsearch,GET,q,yes,no,,high,playwright_search_submit,
KC HiLiTES,KC HiLiTES,probable,https://www.kchilites.com/,KC-490,https://www.kchilites.com/catalogsearch/result/?q={sku},confirmed,search_results,magento,magento_catalogsearch,GET,q,no,no,http_403,high,manual_user_seed,Confirmed by manual site search flow: search 123 on site and record resulting URL. Existing note: search-template fetch error: HTTP Error 403: Forbidden
Mishimoto,Mishimoto,confirmed,https://www.mishimoto.com/,MISH-R1553,https://www.mishimoto.com/catalogsearch/result/?q={sku},detected,search_results,magento,magento_catalogsearch,GET,q,no,no,,medium,jsonld_searchaction_or_html_form,
NOS Nitrous Oxide Systems,NOS Nitrous Oxide Systems,probable,https://www.noswizard.com/,NOS-02521NOS,https://www.noswizard.com/catalogsearch/result/?q={sku},confirmed,search_results,magento,magento_catalogsearch,GET,q,yes,no,,high,playwright_search_submit,
Nemesis Industries,Nemesis Industries,probable,https://nem-ind.com/,NEM-121840,https://nem-ind.com/catalogsearch/result/?q={sku},detected,search_results,magento,magento_catalogsearch,GET,q,no,no,,medium,jsonld_searchaction_or_html_form,
Powermaster Performance Starters and Alternators,Powermaster Performance Starters and Alternators,probable,https://www.powermasterperformance.com/about-us,PM-7767,https://www.powermasterperformance.com/catalogsearch/result/index/?q={sku},detected,search_results,magento,magento_catalogsearch,GET,q,no,no,,medium,jsonld_searchaction_or_html_form,
Race Sport Lighting,Race Sport Lighting,probable,https://www.racesportinc.com/,RSL-9FT3PE,https://www.racesportinc.com/catalogsearch/result/index/?q={sku},detected,search_results,magento,magento_catalogsearch,GET,q,no,no,,medium,jsonld_searchaction_or_html_form,
ReadyLIFT Suspension,ReadyLIFT Suspension,confirmed,https://www.readylift.com/,RL-69-4630,https://www.readylift.com/catalogsearch/result/?cat=2&q={sku},confirmed,search_results,magento,magento_catalogsearch,GET,q,yes,no,,high,playwright_search_submit,
Rigid Industries,Rigid Industries,confirmed,https://www.rigidindustries.com/,RIGID-40200,https://www.rigidindustries.com/catalogsearch/result/index/?q={sku},detected,search_results,magento,magento_catalogsearch,GET,q,no,no,,medium,jsonld_searchaction_or_html_form,
No Limit Fabrication,No Limit Fabrication,confirmed,https://nolimitfabrication.com/,NL-67OP,https://nolimitfabrication.com/search.html?q={sku},confirmed,search_results,partslogic,partslogic_search_redirect,GET,q,yes,no,,high,manual_results_page_clickthrough,"Validated against the live Partslogic storefront. The homepage widget uses input#sui-search-bar-input inside #pl-search-bar-container, but the stronger runtime path is direct GET /search.html?q={sku}. That results page returns /i-... product links for queries like 67OP, so treat it as a results-page clickthrough resolver rather than a popup-only search."
AccuAir Suspension,AccuAir Suspension,confirmed,https://accuair.com/,AA-3837,https://accuair.com/search?q={sku}&options%5Bprefix%5D=last,confirmed,search_results,shopify,generic_q_search,GET,q,yes,no,,high,playwright_search_submit,
Rancho,Rancho,probable,https://www.gorancho.com/,RAN-RS5419,https://www.gorancho.com/search?q={sku}&options%5Bprefix%5D=last&type=product,confirmed,search_results,shopify,generic_q_search,GET,q,yes,no,,high,playwright_search_submit,
Smeding Diesel,Smeding Diesel,confirmed,https://www.smedingdiesel.com/,SME-C6762EDRT,https://www.smedingdiesel.com/search?q={sku}&options%5Bprefix%5D=last,confirmed,search_results,shopify,generic_q_search,GET,q,yes,no,,high,playwright_search_submit,
Toolbox Widget,Toolbox Widget,confirmed,https://toolboxwidget.com/,TBW-VW15,https://toolboxwidget.com/search?q={sku}&options%5Bprefix%5D=last,confirmed,search_results,shopify,generic_q_search,GET,q,yes,no,,high,playwright_search_submit,
ADDICTIVE DESERT DESIGNS,ADDICTIVE DESERT DESIGNS,probable,https://www.addictivedesertdesigns.com/,ADD-AC8101801NA,https://www.addictivedesertdesigns.com/search?type=product&options[prefix]=last&q={sku},confirmed,search_results,shopify,shopify_product_search,GET,q,no,no,,high,manual_user_seed,
Alpharex,Alpharex Performance Lighting,probable,https://alpharexusa.com/,ARX-810003,https://alpharexusa.com/search?type=product&options%5Bunavailable_products%5D=last&options%5Bprefix%5D=last&q={sku},confirmed,search_results,shopify,shopify_product_search,GET,q,yes,yes,bot_challenge,high,manual_user_seed,Confirmed manual search URL from site search UI. Existing note: Bot challenge page
Industrial Injection,Industrial Injection,confirmed,https://industrialinjection.com/,II-227411,https://industrialinjection.com/search?type=product%2Carticle%2Cpage%2Ccollection&options[prefix]=last&q={sku},confirmed,search_results,shopify,shopify_product_search,GET,q,yes,no,,high,playwright_search_submit,
PPE (Pacific Performance Eng.),PPE (Pacific Performance Eng.),confirmed,https://ppepower.com/,PPE-1110100,https://ppepower.com/search?type=product%2Cpage%2Carticle%2Ccollection&options%5Bunavailable_products%5D=show&options%5Bprefix%5D=last&q={sku},confirmed,search_results,shopify,shopify_product_search,GET,q,yes,no,,high,playwright_search_submit,
4x4 Posi-Lok,4x4 Posi-Lok,confirmed,https://4x4posi-lok.com/,PSL-100,https://4x4posi-lok.com/?s={sku},detected,search_results,wordpress_like,wordpress_s_query,GET,s,no,no,,medium,jsonld_searchaction_or_html_form,
AMP Research,AMP Research,probable,https://ampresearchco.com/about-us/,AMP-75301-01A,https://ampresearchco.com/?s={sku},confirmed,search_results,wordpress_like,wordpress_s_query,GET,s,no,no,,high,manual_user_seed,.com tld; 3 full vendor match(es) in domain; 2 vendor token hit(s); vendor key present in result text; official/manufacturer phrase; deep path candidate
AirDog | PureFlow Technologies,AirDog | PureFlow Technologies,confirmed,https://airdogdiesel.com/,PFT-WS100,https://airdogdiesel.com/?s={sku},confirmed,search_results,wordpress_like,wordpress_s_query,GET,s,no,no,,high,manual_wordpress_search_validation,Validated WordPress search route; alternate /search/{sku} route also appears in og:url.
Alliant Power,Alliant Power,confirmed,https://alliantpower.com/,AP-AP0015,https://alliantpower.com/?s={sku},detected,search_results,wordpress_like,wordpress_s_query,GET,s,no,no,,medium,jsonld_searchaction_or_html_form,
Apex Designs,Apex Designs,probable,https://apexdesignsllc.com/,APXD-X02-02-002,https://apexdesignsllc.com/?s={sku},probed,search_results,wordpress_like,wordpress_s_query,GET,s,no,no,,medium,common_template_probe,
AutoEnginuity,AutoEnginuity,probable,https://www.autoenginuity.com/,Auto-EI02,https://www.autoenginuity.com/?s={sku},detected,search_results,wordpress_like,wordpress_s_query,GET,s,no,no,,medium,jsonld_searchaction_or_html_form,
Baja Designs Offroad LED Lights,Baja Designs Offroad LED Lights,confirmed,https://www.bajadesigns.com/,BD-107004,https://www.bajadesigns.com/?s={sku},detected,search_results,wordpress_like,wordpress_s_query,GET,s,no,no,,medium,jsonld_searchaction_or_html_form,
Black Mamba Gloves,Black Mamba Gloves,confirmed,https://www.blackmambagloves.com/,BMG-OMG-110,https://www.blackmambagloves.com/?s={sku},confirmed,search_results,wordpress_like,wordpress_s_query,GET,s,no,no,,high,manual_wordpress_search_validation,Search route validated; sample SKU returned a no-results page.
Bubba Rope,Bubba Rope,probable,https://www.bubbarope.com/,BR-176000OR,https://www.bubbarope.com/?s={sku},detected,search_results,wordpress_like,wordpress_s_query,GET,s,no,no,,medium,jsonld_searchaction_or_html_form,
Bully Dog,Bully Dog,probable,https://bullydog.com/,BUL-30490,https://bullydog.com/?s={sku},detected,search_results,wordpress_like,wordpress_s_query,GET,s,no,no,,medium,jsonld_searchaction_or_html_form,
Bully Dog Big Rig,Bully Dog Big Rig,probable,https://bullydogbigrig.com/products.php,Bul-56700,https://bullydog.com/?s={sku},detected,search_results,wordpress_like,wordpress_s_query,GET,s,no,no,,medium,jsonld_searchaction_or_html_form,
CNC Fabrication,CNC Fabrication,probable,https://cncfabrication.com/,CNC-424005,https://cncfabrication.com/?s={sku},confirmed,search_results,wordpress_like,wordpress_s_query,GET,s,yes,no,,high,playwright_search_submit,
CSF Radiators,CSF Radiators,probable,https://csfradiators.com/,CSF-6076,https://csfradiators.com/?s={sku},detected,search_results,wordpress_like,wordpress_s_query,GET,s,no,no,,medium,jsonld_searchaction_or_html_form,
Carli Suspension,Carli Suspension,confirmed,https://www.carlisuspension.com/,CS-FLC-05,https://www.carlisuspension.com/?s={sku},detected,search_results,wordpress_like,wordpress_s_query,GET,s,no,no,,medium,jsonld_searchaction_or_html_form,
Cataclean,Cataclean,probable,https://cataclean.com/,CAC-120007,https://cataclean.com/?s={sku},detected,search_results,wordpress_like,wordpress_s_query,GET,s,no,no,,medium,jsonld_searchaction_or_html_form,
Clampco,Clampco,probable,https://www.clampco.com/about/,DPP-94158-0300,https://clampco.com/?s={sku},probed,search_results,wordpress_like,wordpress_s_query,GET,s,no,no,,medium,common_template_probe,
Custom Battery Cables,Custom Battery Cables,probable,https://custombatterycables.com/,CBC-781,https://custombatterycables.com/?s={sku},detected,search_results,wordpress_like,wordpress_s_query,GET,s,no,no,,medium,jsonld_searchaction_or_html_form,
Dayco,Dayco,probable,https://www.dayco.com/,DC-71716,https://www.dayco.com/na-en/?s={sku},confirmed,search_results,wordpress_like,wordpress_s_query,GET,s,no,no,http_403,high,manual_user_seed,Confirmed manual search URL from site search UI. Existing note: search-template fetch error: HTTP Error 403: Forbidden
"Deaver Spring, Inc.","Deaver Spring, Inc.",probable,https://deaverspring.com/,DS-G7,https://deaverspring.com/?s={sku},detected,search_results,wordpress_like,wordpress_s_query,GET,s,no,no,,medium,jsonld_searchaction_or_html_form,
Dethloff,Dethloff Mfg,probable,https://dethloffmfg.com/,DL-IG-19,https://dethloffmfg.com/?s={sku},detected,search_results,wordpress_like,wordpress_s_query,GET,s,no,no,,medium,jsonld_searchaction_or_html_form,
DiabloSport,DiabloSport,probable,https://diablosportco.com/,DS-8145,https://diablosportco.com/?s={sku},detected,search_results,wordpress_like,wordpress_s_query,GET,s,no,no,,medium,jsonld_searchaction_or_html_form,
Diamond Eye Performance,Diamond Eye Performance,confirmed,https://www.diamondeyeperformance.com/,DE-L20AA,https://www.diamondeyeperformance.com/?s={sku},confirmed,search_results,wordpress_like,wordpress_s_query,GET,s,yes,no,,high,playwright_search_submit,
Dually Design Co.,Dually Design Co.,probable,https://ddcwheels.com/brand/dually-design-co/,DDC-F14K40,https://ddcwheels.com/?s={sku},detected,search_results,wordpress_like,wordpress_s_query,GET,s,no,no,,medium,jsonld_searchaction_or_html_form,
EBC Brakes,EBC Brakes,probable,https://www.ebcbrakes.com/,EBC-GD7509,https://www.ebcbrakes.com/?s={sku},detected,search_results,wordpress_like,wordpress_s_query,GET,s,no,no,,medium,jsonld_searchaction_or_html_form,
EMP Shield,EMP Shield,probable,https://www.empshield.com/,EMP-DC-12V-W,https://www.empshield.com/?s={sku},detected,search_results,wordpress_like,wordpress_s_query,GET,s,no,no,,medium,jsonld_searchaction_or_html_form,
Flowmaster,Flowmaster,probable,https://the-flowmaster.com/,FM-1078,https://the-flowmaster.com/?s={sku},detected,search_results,wordpress_like,wordpress_s_query,GET,s,no,no,,medium,jsonld_searchaction_or_html_form,
Fluidampr,Fluidampr,probable,https://fluidampr.com/,FD-720211,https://fluidampr.com/?s={sku},detected,search_results,wordpress_like,wordpress_s_query,GET,s,no,no,,medium,jsonld_searchaction_or_html_form,
Frantz Oil Filters,Frantz Oil Filters,probable,https://www.frantzfilters.com/,FOF-FKPWR60,https://www.frantzfilters.com/?s={sku},detected,search_results,wordpress_like,wordpress_s_query,GET,s,no,no,,medium,jsonld_searchaction_or_html_form,
Fuel Bomb,Fuel Bomb,probable,https://fuelbomb.com/,FB-002,https://fuelbomb.com/?s={sku},detected,search_results,wordpress_like,wordpress_s_query,GET,s,no,no,,medium,jsonld_searchaction_or_html_form,
Garrett,Garrett,probable,https://garrett.com/,GAR-448486-0004,https://garrett.com/?s={sku},detected,search_results,wordpress_like,wordpress_s_query,GET,s,no,no,,medium,jsonld_searchaction_or_html_form,
Hamilton Cams,Hamilton Cams,probable,https://hamiltoncams.com/,HAM-SC-001,https://hamiltoncams.com/?s={sku},detected,search_results,wordpress_like,wordpress_s_query,GET,s,no,no,,medium,jsonld_searchaction_or_html_form,
Heatshield Products,Heatshield Products,probable,https://heatshieldproducts.com/,HP-300074,https://heatshieldproducts.com/?s={sku},detected,search_results,wordpress_like,wordpress_s_query,GET,s,no,no,,medium,jsonld_searchaction_or_html_form,
Hellwig Products,Hellwig Products,probable,https://www.hellwigproducts.com/,HEL-7252,https://www.hellwigproducts.com/?s={sku},detected,search_results,wordpress_like,wordpress_s_query,GET,s,no,no,,medium,jsonld_searchaction_or_html_form,
Highway Products,Highway Products,probable,https://highwayproducts.com/,HP-4030-049,https://highwayproducts.com/?s={sku},confirmed,search_results,wordpress_like,wordpress_s_query,GET,s,yes,no,,high,playwright_search_submit,
Holset Turbochargers,Holset Turbochargers,probable,https://turbochargersbyholset.com/,HOL-4034315,https://turbochargersbyholset.com/?s={sku},confirmed,search_results,wordpress_like,wordpress_s_query,GET,s,yes,no,,high,playwright_search_submit,
Hot Shot's Secret High Performance Additives,Hot Shot's Secret High Performance Additives,probable,https://www.hotshotsecret.com/,HSS-AAL4Z,https://www.hotshotsecret.com/?s={sku},confirmed,search_results,wordpress_like,wordpress_s_query,GET,s,no,no,,high,manual_user_seed,Confirmed manual search route: https://www.hotshotsecret.com/?s={sku}.
Irate Diesel Performance,Irate Diesel Performance,probable,https://www.iratediesel.com/about-us/,IDP-T4CMSSD,https://www.iratediesel.com/?s={sku},confirmed,search_results,wordpress_like,wordpress_s_query,GET,s,yes,yes,bot_challenge,high,manual_user_seed,Confirmed by manual site search flow: search 123 on site and record resulting URL. Existing note: Bot challenge page
Kelderman,Kelderman,probable,https://kelderman.com/,KEL-69003,https://kelderman.com/?s={sku},confirmed,search_results,wordpress_like,wordpress_s_query,GET,s,no,no,,high,manual_user_seed,Confirmed manual search route: https://kelderman.com/?s={sku}.
LRB Speed,LRB Speed,probable,https://lrbspeed.com/,LRB-10380,https://lrbspeed.com/?s={sku}&post_type=product,confirmed,search_results,wordpress_like,wordpress_s_query,GET,s,yes,no,,high,playwright_search_submit,
MOOG,MOOG,probable,https://www.moog.com/,MOG-479,https://moog.com/?s={sku},probed,search_results,wordpress_like,wordpress_s_query,GET,s,no,no,,medium,common_template_probe,
Mag-Hytec,Mag-Hytec,probable,https://mag-hytec.com/,MH-727-D,https://mag-hytec.com/?s={sku},confirmed,search_results,wordpress_like,wordpress_s_query,GET,s,yes,no,,high,playwright_search_submit,
Manton Pushrods,Manton Pushrods,probable,https://mantonpushrods.com/,MP-D-505-24v,https://mantonpushrods.com/?s={sku},detected,search_results,wordpress_like,wordpress_s_query,GET,s,no,no,,medium,jsonld_searchaction_or_html_form,
MaxTrac Suspension,MaxTrac Suspension,probable,https://maxtracsuspension.com/,MT-993300,https://maxtracsuspension.com/?s={sku},detected,search_results,wordpress_like,wordpress_s_query,GET,s,no,no,,medium,jsonld_searchaction_or_html_form,
McGaughy's Suspension Parts,McGaughy's Suspension Parts,probable,https://mcgaughys.com/products-home-page/,MCG-51052,https://mcgaughys.com/?s={sku},detected,search_results,wordpress_like,wordpress_s_query,GET,s,no,no,,medium,jsonld_searchaction_or_html_form,
Mean Green,Mean Green,probable,https://mean-green-cleaner.com/,MEAN-MG7892,https://mean-green-cleaner.com/?s={sku},detected,search_results,wordpress_like,wordpress_s_query,GET,s,no,no,,medium,jsonld_searchaction_or_html_form,
Mevotech,Mevotech,probable,https://www.mevotech.com/,MT-MK7467,https://www.mevotech.com/?s={sku},detected,search_results,wordpress_like,wordpress_s_query,GET,s,no,no,,medium,jsonld_searchaction_or_html_form,
N-FAB,N-FAB,probable,https://nfabco.com/,NFAB-F171MRDS,https://nfabco.com/?s={sku},detected,search_results,wordpress_like,wordpress_s_query,GET,s,no,no,,medium,jsonld_searchaction_or_html_form,
Power Products Unlimited,Power Products Unlimited,probable,https://powerproductsunlimited.com/,PPU-ARBCOMPMOUNT,https://powerproductsunlimited.com/?s={sku},detected,search_results,wordpress_like,wordpress_s_query,GET,s,no,no,,medium,jsonld_searchaction_or_html_form,
Power Stroke Products,Power Stroke Products,probable,https://powerstrokeproducts.com/,PSP-PP-SS-12V,https://powerstrokeproducts.com/?s={sku},detected,search_results,wordpress_like,wordpress_s_query,GET,s,no,no,,medium,jsonld_searchaction_or_html_form,
PowerStop,PowerStop,probable,https://www.powerstop.com/about-us/,PSB-SW-1218,https://www.powerstop.com/?s={sku},detected,search_results,wordpress_like,wordpress_s_query,GET,s,no,no,,medium,jsonld_searchaction_or_html_form,
PurePower,PurePower,probable,http://www.purepoweraps.com/,PP-7782-PP,https://purepowertechnologies.com/?s={sku},confirmed,search_results,wordpress_like,wordpress_s_query,GET,s,no,no,,high,manual_user_seed,Confirmed manual search route: https://purepowertechnologies.com/?s={sku}.
Putco Truck Accessories,Putco Truck Accessories,probable,https://www.putco.com/,PUT-92801,https://www.putco.com/?s={sku},confirmed,search_results,wordpress_like,wordpress_s_query,GET,s,yes,no,,high,playwright_search_submit,
Rev-X Oil & Fuel Additive,Rev-X Oil & Fuel Additive,confirmed,https://revxoil.com/,Rev-X-0400,https://revxoil.com/?s={sku},detected,search_results,wordpress_like,wordpress_s_query,GET,s,no,no,,medium,jsonld_searchaction_or_html_form,
RevMax Converters,RevMax Converters,probable,https://www.revmaxconverters.com/,REVM-478-311,https://revmaxconverters.com/?s={sku},probed,search_results,wordpress_like,wordpress_s_query,GET,s,no,no,,medium,common_template_probe,
Rock Slide Engineering,Rock Slide Engineering,confirmed,https://rockslideengineering.com/,RSE-RS-910,https://rockslideengineering.com/?s={sku},detected,search_results,wordpress_like,wordpress_s_query,GET,s,no,no,,medium,jsonld_searchaction_or_html_form,
Rock Tamers Mud Flaps,Rock Tamers Mud Flaps,confirmed,https://rocktamers.com/,RT-00108,https://rocktamers.com/?s={sku},detected,search_results,wordpress_like,wordpress_s_query,GET,s,no,no,,medium,jsonld_searchaction_or_html_form,
S&S Diesel Motorsport,S&S Diesel Motorsport,confirmed,https://ssdiesel.com/,SSDM-67F-DCR-1,https://ssdiesel.com/?s={sku},confirmed,search_results,wordpress_like,wordpress_s_query,GET,s,no,no,,high,manual_wordpress_search_validation,
SCT,SCT,confirmed,https://sctflash.com/,SCT-9817,https://sctflash.com/?s={sku},detected,search_results,wordpress_like,wordpress_s_query,GET,s,no,no,,medium,jsonld_searchaction_or_html_form,
Skyjacker Suspension,Skyjacker Suspension,confirmed,https://skyjacker.com/,SKY-D25,https://skyjacker.com/?s={sku},detected,search_results,wordpress_like,wordpress_s_query,GET,s,yes,no,,medium,jsonld_searchaction_or_html_form_with_playwright,
Sprint Booster,Sprint Booster,confirmed,https://www.sprintboosterusa.com/,SBDO1003S,https://www.sprintboosterusa.com/?s={sku},detected,search_results,wordpress_like,wordpress_s_query,GET,s,no,no,,medium,jsonld_searchaction_or_html_form,
SpynTec Industries,SpynTec Industries,confirmed,https://spyntec.com/,SAST-D09S,https://spyntec.com/?s={sku},confirmed,search_results,wordpress_like,wordpress_s_query,GET,s,no,no,,high,manual_wordpress_search_validation,
SuperSprings,SuperSprings,confirmed,https://superspringsinternational.com/,SS-SSA22,https://superspringsinternational.com/?s={sku}&id=5023383376,confirmed,search_results,wordpress_like,wordpress_s_query,GET,s,yes,no,,high,playwright_search_submit,
Switch-Pros,Switch-Pros,confirmed,https://www.switchpros.com/,SP-SP9100BEZEL,https://www.switchpros.com/?s={sku},detected,search_results,wordpress_like,wordpress_s_query,GET,s,yes,no,,medium,jsonld_searchaction_or_html_form_with_playwright,
Trigger Wireless Accessory Controller,Trigger Wireless Accessory Controller,confirmed,https://triggercontroller.com/,AAC-2100,https://triggercontroller.com/?s={sku},confirmed,search_results,wordpress_like,wordpress_s_query,GET,s,yes,no,,high,playwright_search_submit,
Tuffy Security,Tuffy Security,confirmed,https://tuffyproducts.com/,TFY-354-01,https://tuffyproducts.com/?s={sku},detected,search_results,wordpress_like,wordpress_s_query,GET,s,no,no,,medium,jsonld_searchaction_or_html_form,
Turbosmart,Turbosmart,confirmed,https://www.turbosmart.com/,TS-0304-1002,https://www.turbosmart.com/?s={sku},detected,search_results,wordpress_like,wordpress_s_query,GET,s,no,no,,medium,jsonld_searchaction_or_html_form,
Valair Clutch,Valair Clutch,confirmed,https://valairinc.com/,V-2130,https://valairinc.com/?s={sku},probed,search_results,wordpress_like,wordpress_s_query,GET,s,no,no,,medium,common_template_probe,
Weigh Safe,Weigh Safe,confirmed,https://www.weigh-safe.com/,WSF-WS05,https://www.weigh-safe.com/?s={sku},detected,search_results,wordpress_like,wordpress_s_query,GET,s,no,no,,medium,jsonld_searchaction_or_html_form,
sPOD,sPOD Switch Pods,confirmed,https://www.4x4spod.com/,,https://4x4spod.com/?s={sku},detected,search_results,wordpress_like,wordpress_s_query,GET,s,no,no,,medium,jsonld_searchaction_or_html_form,
AEM,AEM,probable,https://www.aemintakes.com/,AEM-30-3351,https://www.aemintakes.com/search/{sku},probable,search_results,wordpress_like,wordpress_search_path,GET,,no,no,,review,manual_user_seed,
Airaid,Airaid,probable,https://www.airaid.com/,AIR-300-128,https://www.airaid.com/search/{sku},confirmed,search_results,wordpress_like,wordpress_search_path,GET,,no,no,http_403,high,manual_user_seed,Path-style search URL confirmed manually from site search UI. Existing note: search-template fetch error: HTTP Error 403: Forbidden
K&N Filters,K&N Filters,probable,https://www.knfilters.com/,KN-E-0776,https://www.knfilters.com/search/{sku},confirmed,search_results,wordpress_like,wordpress_search_path,GET,,no,no,http_403,high,manual_user_seed,Confirmed by manual site search flow: search 123 on site and record resulting URL. Existing note: search-template fetch error: HTTP Error 403: Forbidden
