search_family,platform_family,vendor,display_name,official_website_url,search_url_template,runtime_preference,blocking_risk,verification_level
asp_search_ss,aspnet_like,Mac's Custom Tie Downs,Mac's Custom Tie Downs,https://www.macscustomtiedowns.com/,https://www.macscustomtiedowns.com/search.aspx?ss={sku},http_first,low,verified
bigcommerce_search_html_q,bigcommerce_like,Aeroturbine,Aeroturbine,https://www.aeroturbineparts.com/about/,https://aeroexhaust.com/search.html?q={sku},http_first,low,verified
bigcommerce_search_html_q,bigcommerce_like,Bosch,Bosch,https://www.bosch.us/,https://www.bosch.us/search.html?q={sku},browser_first,low,verified
bigcommerce_search_html_q,bigcommerce_like,Centerforce Performance Clutch,Centerforce Performance Clutch,https://www.centerforce.com/,https://www.centerforce.com/search.html?q={sku},http_first,low,verified
bigcommerce_search_html_q,bigcommerce_like,Clutch Masters,Clutch Masters,https://clutchmasters.com/,https://clutchmasters.com/search.html?q={sku},http_first,low,verified
bigcommerce_search_html_q,bigcommerce_like,DuramaxTuner.com,DuramaxTuner.com,https://duramaxtuner.com/,https://duramaxtuner.com/search.html?q={sku},http_first,low,probed
bigcommerce_search_html_q,bigcommerce_like,Flyin Diesel,Flyin Diesel,https://flyindiesel.com/,https://flyindiesel.com/search.html?q={sku},http_first,low,verified
bigcommerce_search_html_q,bigcommerce_like,Fuelab,Fuelab,https://fuelab.com/,https://fuelab.com/search.html?q={sku},http_first,low,verified
bigcommerce_search_html_q,bigcommerce_like,Injen Technology,Injen Technology,https://injen.com/,https://injen.com/search.html?q={sku},http_first,low,verified
bigcommerce_search_html_q,bigcommerce_like,Royalty Core,Royalty Core,https://www.royaltycore.com/,https://www.royaltycore.com/search.html?q={sku},http_first,low,verified
bigcommerce_search_html_q,bigcommerce_like,T-Rex Grilles,T-Rex Grilles,https://trexbillet.com/,https://trexbillet.com/search.html?q={sku},browser_first,medium,verified
bigcommerce_search_html_q,bigcommerce_like,Wehrli Custom Fabrication,Wehrli Custom Fabrication,https://www.wcfab.com/,https://www.wcfab.com/search.html?q={sku},browser_first,medium,verified
bigcommerce_search_html_q,bigcommerce_like,ZROADZ,ZROADZ,https://zroadz.com/,https://zroadz.com/search.html?q={sku},http_first,low,verified
bigcommerce_search_php_query,bigcommerce_like,Beans Diesel | Bean Machine,Beans Diesel | Bean Machine,https://bdpshop.com/,https://bdpshop.com/search.php?search_query={sku},http_first,low,verified
bigcommerce_search_php_query,bigcommerce_like,ComeUp Winch,ComeUp Winch,https://www.comeupwinch.com/,https://comeupwinch.com/search.php?search_query={sku},http_first,low,probed
bigcommerce_search_php_query,bigcommerce_like,Crown Brake Lines,Crown Brake Lines,https://crownperformance.com/,https://crownperformance.com/search.php?search_query={sku},http_first,low,probed
bigcommerce_search_php_query,bigcommerce_like,Longhorn Fab Shop,Longhorn Fab Shop,https://longhornfabshop.com/,https://longhornfabshop.com/search.php?search_query={sku},http_first,low,verified
bigcommerce_search_php_query,bigcommerce_like,Mechman Alternators,Mechman Alternators,https://www.mechman.com/,https://www.mechman.com/search.php?search_query={sku},http_first,low,verified
bigcommerce_search_php_query,bigcommerce_like,Revolution Gear & Axle,Revolution Gear & Axle,https://revolutiongear.com/,https://revolutiongear.com/search.php?search_query={sku},http_first,low,detected
bigcommerce_search_php_query,bigcommerce_like,Rock Krawler,Rock Krawler,https://rockkrawler.com/,https://rockkrawler.com/search.php?search_query={sku},http_first,low,verified
bigcommerce_search_php_query,bigcommerce_like,Rotomaster,Rotomaster,https://rotomaster.com/,https://rotomaster.com/search.php?search_query={sku},http_first,low,probed
bigcommerce_search_php_query,bigcommerce_like,SoCal SuperTrucks,SoCal SuperTrucks,https://socalsupertrucks.com/,https://socalsupertrucks.com/search.php?search_query={sku},http_first,low,verified
bigcommerce_search_php_query,bigcommerce_like,Tork Teknology,Tork Teknology,https://www.torkteknology.com/,https://www.torkteknology.com/search.php?search_query={sku},http_first,low,verified
custom_search,custom,ARP Bolts,ARP Bolts,https://arp-bolts.com/,https://arp-bolts.com/,http_first_with_browser_fallback,low,review
custom_search,custom,BorgWarner,BorgWarner,https://www.borgwarner.com/home,https://www.borgwarner.com/search?indexCatalogue=default&searchQuery={sku}&wordsMode=0,http_first_with_browser_fallback,low,verified
custom_search,custom,Camburg Suspension,Camburg Suspension,https://www.suspensionlifts.com/brand/camburg/,https://www.suspensionlifts.com/?post_type=product&s={sku}&asp_active=1&p_asid=1&p_asp_data=1&filters_initial=1&filters_changed=0&qtranslate_lang=0&woo_currency=USD&current_page_id=701,http_first_with_browser_fallback,low,verified
custom_search,custom,Fairchild Industries,Fairchild Industries,https://fairchildindustries.com/,https://fairchildindustries.com/search/{sku}/,http_first_with_browser_fallback,low,detected
custom_search,aspnet_like,ProActive Gears,ProActive Gears,https://www.proactivegears.com/,https://www.proactivegears.com/searchresults.asp?Search={sku}&Submit=,http_first,low,verified
custom_search,custom,Synapse Auto,Synapse Auto,https://synapseauto.com/,https://synapseauto.com/filterSearch?advs=true&cid=0&mid=0&vid=0&q={sku}&sid=true&isc=true&orderBy=0,http_first_with_browser_fallback,low,verified
drupal_search_api,custom,Suspension MAXX,Suspension MAXX,https://suspensionmaxx.com/,https://suspensionmaxx.com/catalog?search_api_fulltext={sku},http_first_with_browser_fallback,low,verified
generic_keyword_search,custom,BMC Lights,BMC Lights,https://bmclights.com/,https://bmclights.com/shop-for-bmc-kits/ols/search?keywords={sku},http_first_with_browser_fallback,low,verified
generic_keyword_search,custom,RockJock,RockJock,https://www.rockjock4x4.com/,https://www.rockjock4x4.com/search?keywords={sku},http_first_with_browser_fallback,low,verified
generic_q_search,shopify,AccuAir Suspension,AccuAir Suspension,https://accuair.com/,https://accuair.com/search?q={sku}&options%5Bprefix%5D=last,http_first,low,verified
generic_q_search,generic_get_search,Accutrim,Accutrim,https://www.accu-trim.com/,https://accu-trim.com/search?q={sku},http_first,low,probed
generic_q_search,generic_get_search,Adams Driveshaft & Offroad,Adams Driveshaft & Offroad,https://www.adamsdriveshaftoffroad.com/,https://www.adamsdriveshaftoffroad.com/search?q={sku},http_first,low,detected
generic_q_search,generic_get_search,AEV | American Expedition Vehicles,AEV | American Expedition Vehicles,https://aev-conversions.com/,https://aev-conversions.com/search?q={sku},http_first,low,verified
generic_q_search,generic_get_search,Air Lift Company,Air Lift Company,https://www.airliftcompany.com/,https://airliftcompany.com/search?q={sku},http_first,low,probed
generic_q_search,generic_get_search,Apex Chassis,Apex Chassis,https://apexchassis.com/,https://apexchassis.com/search?q={sku}&search=,browser_first,low,verified
generic_q_search,generic_get_search,Artec Industries,Artec Industries,https://artecindustries.com/,https://artecindustries.com/search?q={sku},http_first,low,detected
generic_q_search,generic_get_search,ATS Diesel Performance,ATS Diesel Performance,https://atsdiesel.com/,https://atsdiesel.com/search?q={sku},http_first,low,verified
generic_q_search,generic_get_search,Axiom Supply,Axiom Supply,https://axiomsupply.com/,https://axiomsupply.com/search?q={sku},http_first,low,detected
generic_q_search,generic_get_search,Banks Power,Banks Power,https://bankspower.com/,https://bankspower.com/search?q={sku},http_first,low,detected
generic_q_search,generic_get_search,BDS Suspension,BDS Suspension,https://bds-suspension.com/,https://bds-suspension.com/search?q={sku},http_first,low,detected
generic_q_search,generic_get_search,Big Days,Big Days,https://big-days.com/collections/accessories,https://big-days.com/search?q={sku},http_first,low,detected
generic_q_search,generic_get_search,Bitterroot Diesel Performance,Bitterroot Diesel Performance,https://bitterrootdiesel.com/,https://bitterrootdiesel.com/search?q={sku}&type=product,http_first,low,verified
generic_q_search,generic_get_search,Blend Door USA,Blend Door USA,https://www.blenddoorusa.com/,https://www.blenddoorusa.com/search?q={sku},http_first,low,verified
generic_q_search,generic_get_search,Warn,BorgWarner,https://www.warn.com/,https://warn.com/search?q={sku},http_first,low,probed
generic_q_search,generic_get_search,BuiltRight Industries,BuiltRight Industries,https://builtrightind.com/,https://builtrightind.com/search?q={sku},http_first,low,detected
generic_q_search,generic_get_search,BulletProof Diesel,BulletProof Diesel,https://bulletproofdiesel.com/,https://bulletproofdiesel.com/search?q={sku},http_first,low,detected
generic_q_search,generic_get_search,BulletProof Hitches,BulletProof Hitches,https://www.bulletproofhitches.com/,https://www.bulletproofhitches.com/search?q={sku},http_first,low,verified
generic_q_search,generic_get_search,CJC Off-Road,CJC Off-Road,https://www.cjcoffroad.com/,https://www.cjcoffroad.com/search?q={sku},http_first,low,verified
generic_q_search,generic_get_search,Cometic Gaskets,Cometic Gaskets,https://www.cometic.com/,https://cometic.com/products/search?q={sku},http_first,low,probed
generic_q_search,generic_get_search,Complete Performance,Complete Performance,https://cpaddict.com/,https://cpaddict.com/search?q={sku},http_first,low,detected
generic_q_search,generic_get_search,CR2 Performance & Fabrication,CR2 Performance & Fabrication,https://cr2fabrication.com/pages/contact,https://cr2fabrication.com/search?q={sku},http_first,low,detected
generic_q_search,generic_get_search,Customs Unlimited,Customs Unlimited,https://customsunlimited.com/pages/about-us,https://customsunlimited.com/search?q={sku},http_first,low,detected
generic_q_search,generic_get_search,D&J Precision Machine,D&J Precision Machine,https://djprecisionmachine.com/,https://djprecisionmachine.com/search?q={sku},http_first,low,detected
generic_q_search,generic_get_search,Daystar,Daystar,https://daystarproducts.com/pages/dealer-locator,https://daystarproducts.com/search?q={sku},http_first,low,detected
generic_q_search,generic_get_search,Diesel Power Products,Diesel Power Products,https://www.dieselpowerproducts.com/pages/contact,https://dieselpowerproducts.com/search?q={sku},http_first,low,detected
generic_q_search,generic_get_search,Diesel Rx,Diesel Rx,https://dieselrx.com/,https://dieselrx.com/search?q={sku},http_first,low,probed
generic_q_search,generic_get_search,Dirt Church Industries,Dirt Church Industries,https://dirtchurchindustries.com/,https://dirtchurchindustries.com/search?q={sku},http_first,low,detected
generic_q_search,generic_get_search,Dynatrac,Dynatrac,https://www.dynatrac.com/pages/about-us,https://www.dynatrac.com/search?q={sku},http_first,low,detected
generic_q_search,generic_get_search,EMF Ball Joints,EMF Ball Joints,https://emfballjoints.com/collections,https://emfballjoints.com/search?q={sku},http_first,low,verified
generic_q_search,generic_get_search,Factor 55,Factor 55,https://www.factor55.com/,https://www.factor55.com/search?q={sku},http_first,low,verified
generic_q_search,generic_get_search,Factory Aftermarket,Factory Aftermarket,https://factoryaftermarket.com/collections/all,https://factoryaftermarket.com/search?q={sku},http_first,low,detected
generic_q_search,generic_get_search,Fast Coolers,Fast Coolers,https://www.fastcoolers.com/,https://www.fastcoolers.com/search?q={sku},http_first,low,detected
generic_q_search,generic_get_search,FOX Shocks,FOX Shocks,https://ridefox.com/,https://ridefox.com/search?q={sku},http_first,low,detected
generic_q_search,generic_get_search,Full Send Diesel,Full Send Diesel,https://fullsenddiesel.com/,https://fullsenddiesel.com/search?q={sku},http_first,low,detected
generic_q_search,generic_get_search,Gen-Y Hitch,GEN-Y Hitch,https://genyhitch.com/,https://genyhitch.com/search?q={sku},http_first,low,verified
generic_q_search,generic_get_search,Generic Race Parts (GRP),Generic Race Parts (GRP),https://www.gregsraceparts.com/,https://www.gregsraceparts.com/search?q={sku},http_first,low,verified
generic_q_search,generic_get_search,Glacier Diesel Power,Glacier Diesel Power,https://www.glacierdieselpower.com/,https://www.glacierdieselpower.com/search?q={sku},http_first,low,detected
generic_q_search,generic_get_search,Grizzly,Grizzly Products,https://www.grizzly.com/,https://www.grizzly.com/search?q={sku},http_first,low,detected
generic_q_search,generic_get_search,H&S Motorsports,H&S Motorsports,https://hsmotorsports.com/,https://hsmotorsports.com/search?q={sku},http_first,low,probed
generic_q_search,generic_get_search,Holders Diesel,Holders Diesel,https://holdersdiesel.com/collections/all,https://holdersdiesel.com/search?q={sku},http_first,low,detected
generic_q_search,generic_get_search,ICON Alloys,ICON Alloys,https://iconvehicledynamics.com/collections/wheel,https://iconvehicledynamics.com/search?q={sku},http_first,low,detected
generic_q_search,generic_get_search,ICON Vehicle Dynamics,ICON Vehicle Dynamics,https://iconvehicledynamics.com/,https://iconvehicledynamics.com/search?q={sku},http_first,low,detected
generic_q_search,generic_get_search,JKS Manufacturing,JKS Manufacturing,https://jksmfg.com/,https://jksmfg.com/search?q={sku},http_first,low,detected
generic_q_search,generic_get_search,KC Turbos,KC Turbos,https://kcturbos.com/,https://kcturbos.com/search?q={sku},http_first,low,detected
generic_q_search,generic_get_search,Kryptonite,Kryptonite Products,https://kryptoniteproducts.com/,https://kryptoniteproducts.com/search?q={sku},http_first,low,verified
generic_q_search,generic_get_search,MagnaFlow Exhaust,MagnaFlow Exhaust,https://www.magnaflow.com/,https://www.magnaflow.com/search?q={sku},http_first,low,verified
generic_q_search,generic_get_search,MBRP Exhaust,MBRP Exhaust,https://mbrpexhauststore.com/,https://mbrpexhauststore.com/search?q={sku},http_first,low,probed
generic_q_search,generic_get_search,Mel's Manufacturing,Mel's Manufacturing,https://www.melsmfg.com/,https://www.melsmfg.com/search?q={sku},http_first,low,detected
generic_q_search,generic_get_search,Method Race Wheels,Method Race Wheels,https://www.methodracewheels.com/,https://www.methodracewheels.com/search?q={sku},http_first,low,verified
generic_q_search,generic_get_search,Mob Armor,Mob Armor,https://www.mobarmor.com/,https://www.mobarmor.com/search?q={sku},http_first,low,detected
generic_q_search,generic_get_search,Morimoto,Morimoto,https://www.morimotohid.com/,https://morimotohid.com/search?q={sku},http_first,low,probed
generic_q_search,generic_get_search,NRS Galvanized Brakes,NRS Galvanized Brakes,https://nrsbrakes.com/,https://nrsbrakes.com/search?q={sku},http_first,low,detected
generic_q_search,generic_get_search,OLM Lighting,OLM Lighting,https://olm.com/,https://olm.com/search?q={sku},http_first,low,verified
generic_q_search,generic_get_search,Oracle Lighting,Oracle Lighting,http://oraclelighting.channelsync.com/,https://www.oraclelights.com/search?q={sku},http_first,low,verified
generic_q_search,generic_get_search,Performance Diesel Inc.,Performance Diesel Inc.,https://pdidiesel.com/,https://pdidiesel.com/search?q={sku},http_first,low,detected
generic_q_search,generic_get_search,"PPEI | Power Performance Enterprises, Inc | EFILive by Kory Willis","PPEI | Power Performance Enterprises, Inc | EFILive by Kory Willis",https://ppei.com/,https://ppei.com/search?q={sku},http_first,low,detected
generic_q_search,generic_get_search,Pro Eagle Floor Jacks,Pro Eagle Floor Jacks,https://www.proeagle.com/,https://www.proeagle.com/search?q={sku},http_first,low,detected
generic_q_search,generic_get_search,PROJECT X,PROJECT X,https://projectxoffroad.com/,https://projectxoffroad.com/search?q={sku},http_first,low,detected
generic_q_search,generic_get_search,PSC,PSC Performance Steering Components,https://www.pscsteering.com/,https://www.pscsteering.com/search?q={sku},http_first,low,detected
generic_q_search,generic_get_search,PureDPF,PureDPF,https://www.puredpf.com/,https://www.puredpf.com/search?q={sku},http_first,low,detected
generic_q_search,generic_get_search,Racor,Racor,https://racorstore.com/,https://racorstore.com/search?q={sku},http_first,low,verified
generic_q_search,shopify,Rancho,Rancho,https://www.gorancho.com/,https://www.gorancho.com/search?q={sku}&options%5Bprefix%5D=last&type=product,http_first,low,verified
generic_q_search,generic_get_search,Rare Parts Steering and Suspension,Rare Parts Steering and Suspension,https://www.rareparts.com/,https://rareparts.com/search?q={sku},http_first,low,probed
generic_q_search,generic_get_search,RECON Lighting,RECON Lighting,https://gorecon.com/,https://gorecon.com/search?q={sku},http_first,low,detected
generic_q_search,generic_get_search,Red-Head Steering Gears Inc.,Red-Head Steering Gears Inc.,https://redheadsteeringgears.com/,https://redheadsteeringgears.com/search?q={sku},http_first,low,probed
generic_q_search,generic_get_search,"Reid Racing, Inc.","Reid Racing, Inc.",https://www.reidracing.com/,https://www.reidracing.com/search?q={sku},http_first,low,detected
generic_q_search,generic_get_search,RokBlokz,RokBlokz Mud Flaps,https://rokblokz.com/,https://rokblokz.com/search?q={sku},http_first,low,verified
generic_q_search,generic_get_search,Schaeffer's Lubricants,Schaeffer's Lubricants,https://www.schaefferoil.com/,https://schaefferoil.com/search?q={sku},http_first,low,probed
generic_q_search,generic_get_search,SDHQ Off Road,SDHQ Off Road,https://sdhqoffroad.com/,https://sdhqoffroad.com/search?q={sku},http_first,low,detected
generic_q_search,shopify,Smeding Diesel,Smeding Diesel,https://www.smedingdiesel.com/,https://www.smedingdiesel.com/search?q={sku}&options%5Bprefix%5D=last,http_first,low,verified
generic_q_search,generic_get_search,Snyder Performance Engineering,Snyder Performance Engineering,https://www.spemotorsport.com/,https://www.spemotorsport.com/search?q={sku},http_first,low,verified
generic_q_search,generic_get_search,South Bend Clutch,South Bend Clutch,https://southbendclutch.com/,https://southbendclutch.com/search?q={sku},http_first,low,verified
generic_q_search,generic_get_search,SteerSmarts,SteerSmarts,https://steersmarts.com/,https://steersmarts.com/search?q={sku},http_first,low,detected
generic_q_search,generic_get_search,Sulastic Rubber Springs,Sulastic Rubber Springs,https://sulastic.com/en/,https://sulastic.com/en/search?q={sku},http_first,low,verified
generic_q_search,generic_get_search,Timbren,Timbren,https://timbren.com/,https://timbren.com/search?q={sku},http_first,low,detected
generic_q_search,shopify,Toolbox Widget,Toolbox Widget,https://toolboxwidget.com/,https://toolboxwidget.com/search?q={sku}&options%5Bprefix%5D=last,http_first,low,verified
generic_q_search,generic_get_search,TS Performance,TS Performance,https://www.tsperformanceofficial.com/,/search?q={sku},http_first,low,detected
generic_q_search,generic_get_search,USA Standard Gear,USA Standard Gear,https://www.usastandardgear.com/,https://www.usastandardgear.com/search?q={sku},http_first,low,detected
generic_q_search,generic_get_search,Volant,Volant,https://volant.com/,https://volant.com/search?q={sku},http_first,low,verified
generic_q_search,generic_get_search,Westin,Westin Automotive Products,https://www.westinautomotive.com/,https://westinautomotive.com/search?q={sku},http_first,low,probed
generic_q_search,generic_get_search,XDP,XDP,https://www.xtremediesel.com/,https://www.xtremediesel.com/xtreme-diesel-performance-xdp-search?q={sku},http_first,low,verified
generic_q_search,generic_get_search,XS Power,XS Power,https://4xspower.com/,https://4xspower.com/search?q={sku},http_first,low,verified
generic_q_search,generic_get_search,Yukon Gear & Axle,Yukon Gear & Axle,https://www.yukongear.com/,https://www.yukongear.com/search?q={sku},http_first,low,detected
generic_q_search,generic_get_search,Zone Offroad Suspension,Zone Offroad Suspension,https://zoneoffroad.com/,https://zoneoffroad.com/search?q={sku},http_first,low,detected
generic_q_search,generic_get_search,Zumbrota Drivetrain,Zumbrota Drivetrain,https://www.zumbrotadrivetrain.com/,https://www.zumbrotadrivetrain.com/search?q={sku},http_first,low,detected
generic_query_search,generic_get_search,Power Driven Diesel,Power Driven Diesel,https://powerdriven.com/,https://powerdriven.com/pages/search?query={sku},http_first,low,verified
generic_query_search,generic_get_search,S&B,S&B,https://sbfilters.com/,https://sbfilters.com/pages/search?query={sku},browser_first,high,verified
generic_query_search,generic_get_search,Total Seal Piston Rings,Total Seal Piston Rings,https://www.totalseal.com/,https://totalseal.com/search?query={sku},http_first,low,probed
json_product_search,custom_api,FASS Fuel Systems,FASS Fuel Systems,https://www.fassride.com/,https://shop.fassride.com/Products/Search?search={sku},http_first,low,verified
magento_catalogsearch,magento,AFE,AFE,https://afepower.com/,https://afepower.com/catalogsearch/result/?q={sku},http_first,low,verified
magento_catalogsearch,magento,American Racing Wheels | ATX Series,American Racing Wheels | ATX Series,https://www.atxwheels.com/,https://www.atxwheels.com/catalogsearch/result/?q={sku},browser_first,low,verified
magento_catalogsearch,magento,Auto Meter,Auto Meter,https://www.autometer.com/,https://www.autometer.com/catalogsearch/result?q={sku},http_first_with_browser_fallback,medium,verified
magento_catalogsearch,magento,Black Rhino Wheels,Black Rhino Wheels,https://www.blackrhinowheels.com/,https://www.blackrhinowheels.com/catalogsearch/result/?q={sku},http_first,low,verified
magento_catalogsearch,magento,Borne Off-Road,Borne Off-Road,https://rogue-offroad.com/Borne-Off-Road_bymfg_275-0-1.html,https://www.borne.com/catalogsearch/result/?q={sku},browser_first,high,verified
magento_catalogsearch,magento,Cognito Motorsports Suspension,Cognito Motorsports Suspension,https://cognitomotorsports.com/,https://cognitomotorsports.com/catalogsearch/result/?q={sku},http_first,low,verified
magento_catalogsearch,magento,Diode Dynamics,Diode Dynamics,https://www.diodedynamics.com/,https://www.diodedynamics.com/catalogsearch/result/?q={sku},http_first,low,detected
magento_catalogsearch,magento,Fleece Performance Engineering,Fleece Performance Engineering,https://www.fleeceperformance.com/,https://www.fleeceperformance.com/catalogsearch/result/?q={sku},http_first,low,detected
magento_catalogsearch,magento,Fleetguard Filters,Fleetguard Filters,https://fleet-reliable-filters.com/catalogs,https://fleet-reliable-filters.com/catalogsearch/result/index/?q={sku},http_first,low,detected
magento_catalogsearch,magento,Flex-A-Lite,Flex-A-Lite,https://flex-a-lite.com/,https://flex-a-lite.com/catalogsearch/result/?q={sku},http_first,low,verified
magento_catalogsearch,magento,KC HiLiTES,KC HiLiTES,https://www.kchilites.com/,https://www.kchilites.com/catalogsearch/result/?q={sku},http_first_with_browser_fallback,medium,verified
magento_catalogsearch,magento,Mishimoto,Mishimoto,https://www.mishimoto.com/,https://www.mishimoto.com/catalogsearch/result/?q={sku},http_first,low,detected
magento_catalogsearch,magento,Nemesis Industries,Nemesis Industries,https://nem-ind.com/,https://nem-ind.com/catalogsearch/result/?q={sku},http_first,low,detected
magento_catalogsearch,magento,NOS Nitrous Oxide Systems,NOS Nitrous Oxide Systems,https://www.noswizard.com/,https://www.noswizard.com/catalogsearch/result/?q={sku},http_first,low,verified
magento_catalogsearch,magento,Powermaster Performance Starters and Alternators,Powermaster Performance Starters and Alternators,https://www.powermasterperformance.com/about-us,https://www.powermasterperformance.com/catalogsearch/result/index/?q={sku},http_first,low,detected
magento_catalogsearch,magento,Race Sport Lighting,Race Sport Lighting,https://www.racesportinc.com/,https://www.racesportinc.com/catalogsearch/result/index/?q={sku},http_first,low,detected
magento_catalogsearch,magento,ReadyLIFT Suspension,ReadyLIFT Suspension,https://www.readylift.com/,https://www.readylift.com/catalogsearch/result/?cat=2&q={sku},http_first,low,verified
magento_catalogsearch,magento,Rigid Industries,Rigid Industries,https://www.rigidindustries.com/,https://www.rigidindustries.com/catalogsearch/result/index/?q={sku},http_first,low,detected
part_number_search,generic_get_search,ISSPRO,ISSPRO,https://isspro.com/,https://isspro.com/Search/PartNoSearch?q={sku},http_first,low,probed
part_number_search,generic_get_search,"Wilwood Engineering, Inc.","Wilwood Engineering, Inc.",https://wilwood.com/,https://wilwood.com/Search/PartNoSearch?q={sku},http_first,low,verified
partslogic_search_redirect,partslogic,No Limit Fabrication,No Limit Fabrication,https://nolimitfabrication.com/,https://nolimitfabrication.com/search.html?q={sku},http_first,low,verified
path_or_query_search,custom,ADS Shocks,ADS Shocks,https://www.adsshocks.com/,https://www.adsshocks.com/search/?q={sku},http_first_with_browser_fallback,low,verified
path_or_query_search,custom,Anvil Off-Road,Anvil Off-Road,https://www.anviloffroad.ca/,https://www.holley.com/search/?q={sku},http_first_with_browser_fallback,low,verified
path_or_query_search,custom,ARB,ARB,https://arbusa.com/,https://store.arbusa.com/search-results-page?q={sku},http_first_with_browser_fallback,low,verified
path_or_query_search,custom,ATI Performance Products,ATI Performance Products,https://www.atiracing.com/,https://atiracing.com/search-results.htm?cx=017413898382317320130:lggw7qy_yqk&cof=FORID:11&q={sku},http_first_with_browser_fallback,low,review
path_or_query_search,custom,B&M Shifters,B&M Shifters,https://www.bmracing.com/,https://www.holley.com/search/?q={sku},http_first_with_browser_fallback,low,verified
path_or_query_search,custom,Baer Brake Systems,Baer Brake Systems,https://www.baer.com/,https://www.baer.com/search/?q={sku},http_first_with_browser_fallback,low,verified
path_or_query_search,custom,BD-Power,BD-Power,https://us.bddiesel.com/,https://us.bddiesel.com/collections/shop?q={sku},http_first_with_browser_fallback,low,verified
path_or_query_search,custom,Bilstein Shock Absorbers,Bilstein Shock Absorbers,https://cart.bilsteinus.com/,https://cart.bilsteinus.com/catalogue?typeofsearch=1&search_query_adv={sku},browser_first,low,verified
path_or_query_search,bigcommerce_like,Calibrated Power,Calibrated Power,https://duramaxtuner.com/,https://duramaxtuner.com/search.html?Search={sku},http_first,low,probed
path_or_query_search,custom,Cummins Diesel Parts,Cummins Diesel Parts,https://parts.cummins.com/esn-entry/main,https://parts.cummins.com/global-search/main/{sku},http_first_with_browser_fallback,low,verified
path_or_query_search,custom,Dana / Spicer,Dana / Spicer,https://www.dana.com/,https://www.dana.com/search/?q={sku},http_first_with_browser_fallback,low,verified
path_or_query_search,aspnet_like,DieselSite,DieselSite,https://www.dieselsite.com/,https://www.dieselsite.com/search.aspx?find={sku},browser_first,low,verified
path_or_query_search,custom,Dipaco DTech Diesel Parts,Dipaco DTech Diesel Parts,https://usdieselparts.com/,https://usdieselparts.com/search/?query={sku},http_first_with_browser_fallback,low,verified
path_or_query_search,aspnet_like,Dorman,Dorman,https://www.dormanproducts.com/,https://www.dormanproducts.com/gsearch.aspx?type=oesearch&origin=oesearch&q={sku},browser_first,low,verified
path_or_query_search,custom,Driven Diesel,Driven Diesel,http://www.drivendiesel.com/,https://www.strictlydiesel.com/isearch3?searchterm={sku},browser_first,low,verified
path_or_query_search,custom,Edge Products,Edge Products,https://www.edgeproducts.com/,https://www.edgeproducts.com/search/?q={sku},http_first_with_browser_fallback,medium,verified
path_or_query_search,custom,Fender Gripper,Fender Gripper,https://www.holley.com/brands/fender_gripper/,https://www.holley.com/search/?q={sku},http_first_with_browser_fallback,low,verified
path_or_query_search,custom,Ford Motor Company,Ford Motor Company,https://corporate.ford.com/about/brands/,https://www.ford.com/search/?f%3AsearchInputString={sku},http_first_with_browser_fallback,low,verified
path_or_query_search,custom,Full Force Diesel,Full Force Diesel,https://www.fullforcediesel.com/about-us/,https://www.fullforcediesel.com/search?show_in_vexture=Yes&Search={sku},browser_first,high,verified
path_or_query_search,custom,Hays Clutches,Hays Clutches,https://www.holley.com/brands/hays/,https://www.holley.com/search/?q={sku},http_first_with_browser_fallback,low,verified
path_or_query_search,custom,HPS Performance,HPS Performance,https://hpsperformanceproducts.com/,https://hpsperformanceproducts.com/pages/search-results-page?q={sku},http_first_with_browser_fallback,low,verified
path_or_query_search,custom,Kleinn Air Horns,Kleinn Air Horns,https://kleinn.com/,https://kleinn.com/pages/search-results-page?q={sku},browser_first,high,verified
path_or_query_search,custom,MAHLE,MAHLE,https://www.mahle.com/,https://www.mahle.com/en/search/?q={sku},http_first_with_browser_fallback,low,detected
path_or_query_search,bigcommerce_like,Merchant Automotive,Merchant Automotive,https://www.merchant-automotive.com/,https://www.merchant-automotive.com/shop/?search_query={sku},http_first,low,verified
path_or_query_search,custom,Mopar | Factory OEM Dodge Ram,Mopar | Factory OEM Dodge Ram,https://www.mopar.com/en-us.html,https://www.mopar.com/en-us/search/results.html?search={sku},http_first_with_browser_fallback,medium,verified
path_or_query_search,bigcommerce_like,PacBrake,PacBrake,https://pacbrake.com/,https://pacbrake.com/search.html?Search={sku},http_first,low,verified
path_or_query_search,bigcommerce_like,PML Covers,PML Covers,https://pmlgarage.com/,https://yourcovers.com/search.html?Search={sku},http_first,low,verified
path_or_query_search,custom,Proforged,Proforged Steering & Suspension,https://proforged.com/,https://proforged.com/search/?query={sku},http_first_with_browser_fallback,medium,verified
path_or_query_search,custom,Prothane,Prothane,https://prothane.com/,https://prothane.com/?post_type=product&product_cat=&s={sku},http_first_with_browser_fallback,low,verified
path_or_query_search,custom,Realtruck Superlift Suspension,RealTruck SuperLift Suspension,https://realtruck.com/b/superlift/,https://realtruck.com/search/?q={sku},http_first_with_browser_fallback,low,detected
path_or_query_search,custom,RetroBright LED,RetroBright LED,https://www.holley.com/brands/holley_retrobright/,https://www.holley.com/search/?q={sku},http_first_with_browser_fallback,low,verified
path_or_query_search,custom,Sinister Diesel,Sinister Diesel,https://sinisterdiesel.com/,https://sinisterdiesel.com/shop?Search={sku},http_first_with_browser_fallback,low,verified
path_or_query_search,custom,SunCoast Performance,SunCoast Performance,https://suncoastdiesel.com/,https://suncoastdiesel.com/search-diesel.html?orientation=vertical&q={sku},browser_first,low,verified
path_or_query_search,custom,Superchips,Superchips,https://superchips.com/,https://www.holley.com/search/?q={sku},http_first_with_browser_fallback,low,verified
product_search_search_prod,custom,Nitrous Express,Nitrous Express,https://www.nitrousexpress.com/,https://www.nitrousexpress.com/search.asp?search_prod={sku},http_first_with_browser_fallback,low,verified
product_search_search_prod,custom,Snow Performance,Snow Performance,https://www.snowperformance.net/,https://www.nitrousexpress.com/search.asp?search_prod={sku},http_first_with_browser_fallback,low,verified
searchasp_keyword,3dcart_like,Expedition One,Expedition One,https://www.expeditiononestore.com/,https://www.expeditiononestore.com/search.asp?keyword={sku},http_first_with_browser_fallback,low,verified
searchasp_keyword,3dcart_like,PMF Suspension,PMF Suspension,https://www.pmfsuspension.com/,https://www.pmfsuspension.com/search.asp?keyword={sku},http_first_with_browser_fallback,medium,verified
shopify_product_search,shopify,ADDICTIVE DESERT DESIGNS,ADDICTIVE DESERT DESIGNS,https://www.addictivedesertdesigns.com/,https://www.addictivedesertdesigns.com/search?type=product&options[prefix]=last&q={sku},http_first,low,verified
shopify_product_search,shopify,Alpharex,Alpharex Performance Lighting,https://alpharexusa.com/,https://alpharexusa.com/search?type=product&options%5Bunavailable_products%5D=last&options%5Bprefix%5D=last&q={sku},browser_first,high,verified
shopify_product_search,custom,Dynomite Diesel,Dynomite Diesel,https://dynomitediesel.com/,https://dynomitediesel.com/search?type=product&q={sku},http_first_with_browser_fallback,low,detected
shopify_product_search,custom,Empire Performance Engineering,Empire Performance Engineering,https://empireperformance.com.au/,https://empireperformance.com.au/search?type=product&q={sku},http_first_with_browser_fallback,low,verified
shopify_product_search,shopify,Industrial Injection,Industrial Injection,https://industrialinjection.com/,https://industrialinjection.com/search?type=product%2Carticle%2Cpage%2Ccollection&options[prefix]=last&q={sku},http_first,low,verified
shopify_product_search,shopify,PPE (Pacific Performance Eng.),PPE (Pacific Performance Eng.),https://ppepower.com/,https://ppepower.com/search?type=product%2Cpage%2Carticle%2Ccollection&options%5Bunavailable_products%5D=show&options%5Bprefix%5D=last&q={sku},http_first,low,verified
shopify_product_search,custom,SSBC-USA,SSBC-USA,https://ssbc-usa.com/,https://ssbc-usa.com/search?type=product&q={sku},http_first_with_browser_fallback,low,verified
shopify_product_search,custom,Turbo Time USA,Turbo Time USA,https://turbotimeusa.com/,https://turbotimeusa.com/search?type=product%2Carticle%2Cpage&q={sku},http_first_with_browser_fallback,low,verified
substring_search,custom,Borgeson,Borgeson,https://www.borgeson.com/,https://www.borgeson.com/?target=search&mode=search&substring={sku}&including=all,http_first_with_browser_fallback,low,verified
substring_search,custom,Fumoto Engineering,Fumoto Engineering,https://www.fumotousa.com/,https://www.fumotousa.com/?target=search&mode=search&substring={sku}&including=all,http_first_with_browser_fallback,low,verified
substring_search,custom,Synergy Manufacturing,Synergy Manufacturing,https://www.synergymfg.com/,https://www.synergymfg.com/?target=search&mode=search&substring={sku},http_first_with_browser_fallback,low,verified
wordpress_s_query,wordpress_like,4x4 Posi-Lok,4x4 Posi-Lok,https://4x4posi-lok.com/,https://4x4posi-lok.com/?s={sku},http_first,low,detected
wordpress_s_query,wordpress_like,AirDog | PureFlow Technologies,AirDog | PureFlow Technologies,https://airdogdiesel.com/,https://airdogdiesel.com/?s={sku},http_first,low,verified
wordpress_s_query,wordpress_like,Alliant Power,Alliant Power,https://alliantpower.com/,https://alliantpower.com/?s={sku},http_first,low,detected
wordpress_s_query,wordpress_like,AMP Research,AMP Research,https://ampresearchco.com/about-us/,https://ampresearchco.com/?s={sku},http_first,low,verified
wordpress_s_query,wordpress_like,Apex Designs,Apex Designs,https://apexdesignsllc.com/,https://apexdesignsllc.com/?s={sku},http_first,low,probed
wordpress_s_query,wordpress_like,AutoEnginuity,AutoEnginuity,https://www.autoenginuity.com/,https://www.autoenginuity.com/?s={sku},http_first,low,detected
wordpress_s_query,wordpress_like,Baja Designs Offroad LED Lights,Baja Designs Offroad LED Lights,https://www.bajadesigns.com/,https://www.bajadesigns.com/?s={sku},http_first,low,detected
wordpress_s_query,wordpress_like,Black Mamba Gloves,Black Mamba Gloves,https://www.blackmambagloves.com/,https://www.blackmambagloves.com/?s={sku},http_first,low,verified
wordpress_s_query,wordpress_like,Bubba Rope,Bubba Rope,https://www.bubbarope.com/,https://www.bubbarope.com/?s={sku},http_first,low,detected
wordpress_s_query,wordpress_like,Bully Dog,Bully Dog,https://bullydog.com/,https://bullydog.com/?s={sku},http_first,low,detected
wordpress_s_query,wordpress_like,Bully Dog Big Rig,Bully Dog Big Rig,https://bullydogbigrig.com/products.php,https://bullydog.com/?s={sku},http_first,low,detected
wordpress_s_query,wordpress_like,Carli Suspension,Carli Suspension,https://www.carlisuspension.com/,https://www.carlisuspension.com/?s={sku},http_first,low,detected
wordpress_s_query,wordpress_like,Cataclean,Cataclean,https://cataclean.com/,https://cataclean.com/?s={sku},http_first,low,detected
wordpress_s_query,wordpress_like,Clampco,Clampco,https://www.clampco.com/about/,https://clampco.com/?s={sku},http_first,low,probed
wordpress_s_query,wordpress_like,CNC Fabrication,CNC Fabrication,https://cncfabrication.com/,https://cncfabrication.com/?s={sku},http_first,low,verified
wordpress_s_query,wordpress_like,CSF Radiators,CSF Radiators,https://csfradiators.com/,https://csfradiators.com/?s={sku},http_first,low,detected
wordpress_s_query,wordpress_like,Custom Battery Cables,Custom Battery Cables,https://custombatterycables.com/,https://custombatterycables.com/?s={sku},http_first,low,detected
wordpress_s_query,wordpress_like,Dayco,Dayco,https://www.dayco.com/,https://www.dayco.com/na-en/?s={sku},http_first_with_browser_fallback,medium,verified
wordpress_s_query,wordpress_like,"Deaver Spring, Inc.","Deaver Spring, Inc.",https://deaverspring.com/,https://deaverspring.com/?s={sku},http_first,low,detected
wordpress_s_query,wordpress_like,Dethloff,Dethloff Mfg,https://dethloffmfg.com/,https://dethloffmfg.com/?s={sku},http_first,low,detected
wordpress_s_query,wordpress_like,DiabloSport,DiabloSport,https://diablosportco.com/,https://diablosportco.com/?s={sku},http_first,low,detected
wordpress_s_query,wordpress_like,Diamond Eye Performance,Diamond Eye Performance,https://www.diamondeyeperformance.com/,https://www.diamondeyeperformance.com/?s={sku},http_first,low,verified
wordpress_s_query,wordpress_like,Dually Design Co.,Dually Design Co.,https://ddcwheels.com/brand/dually-design-co/,https://ddcwheels.com/?s={sku},http_first,low,detected
wordpress_s_query,wordpress_like,EBC Brakes,EBC Brakes,https://www.ebcbrakes.com/,https://www.ebcbrakes.com/?s={sku},http_first,low,detected
wordpress_s_query,wordpress_like,EMP Shield,EMP Shield,https://www.empshield.com/,https://www.empshield.com/?s={sku},http_first,low,detected
wordpress_s_query,wordpress_like,Flowmaster,Flowmaster,https://the-flowmaster.com/,https://the-flowmaster.com/?s={sku},http_first,low,detected
wordpress_s_query,wordpress_like,Fluidampr,Fluidampr,https://fluidampr.com/,https://fluidampr.com/?s={sku},http_first,low,detected
wordpress_s_query,wordpress_like,Frantz Oil Filters,Frantz Oil Filters,https://www.frantzfilters.com/,https://www.frantzfilters.com/?s={sku},http_first,low,detected
wordpress_s_query,wordpress_like,Fuel Bomb,Fuel Bomb,https://fuelbomb.com/,https://fuelbomb.com/?s={sku},http_first,low,detected
wordpress_s_query,wordpress_like,Garrett,Garrett,https://garrett.com/,https://garrett.com/?s={sku},http_first,low,detected
wordpress_s_query,wordpress_like,Hamilton Cams,Hamilton Cams,https://hamiltoncams.com/,https://hamiltoncams.com/?s={sku},http_first,low,detected
wordpress_s_query,wordpress_like,Heatshield Products,Heatshield Products,https://heatshieldproducts.com/,https://heatshieldproducts.com/?s={sku},http_first,low,detected
wordpress_s_query,wordpress_like,Hellwig Products,Hellwig Products,https://www.hellwigproducts.com/,https://www.hellwigproducts.com/?s={sku},http_first,low,detected
wordpress_s_query,wordpress_like,Highway Products,Highway Products,https://highwayproducts.com/,https://highwayproducts.com/?s={sku},http_first,low,verified
wordpress_s_query,wordpress_like,Holset Turbochargers,Holset Turbochargers,https://turbochargersbyholset.com/,https://turbochargersbyholset.com/?s={sku},http_first,low,verified
wordpress_s_query,wordpress_like,Hot Shot's Secret High Performance Additives,Hot Shot's Secret High Performance Additives,https://www.hotshotsecret.com/,https://www.hotshotsecret.com/?s={sku},http_first,low,verified
wordpress_s_query,wordpress_like,Irate Diesel Performance,Irate Diesel Performance,https://www.iratediesel.com/about-us/,https://www.iratediesel.com/?s={sku},browser_first,high,verified
wordpress_s_query,wordpress_like,Kelderman,Kelderman,https://kelderman.com/,https://kelderman.com/?s={sku},http_first,low,verified
wordpress_s_query,wordpress_like,LRB Speed,LRB Speed,https://lrbspeed.com/,https://lrbspeed.com/?s={sku}&post_type=product,http_first,low,verified
wordpress_s_query,wordpress_like,Mag-Hytec,Mag-Hytec,https://mag-hytec.com/,https://mag-hytec.com/?s={sku},http_first,low,verified
wordpress_s_query,wordpress_like,Manton Pushrods,Manton Pushrods,https://mantonpushrods.com/,https://mantonpushrods.com/?s={sku},http_first,low,detected
wordpress_s_query,wordpress_like,MaxTrac Suspension,MaxTrac Suspension,https://maxtracsuspension.com/,https://maxtracsuspension.com/?s={sku},http_first,low,detected
wordpress_s_query,wordpress_like,McGaughy's Suspension Parts,McGaughy's Suspension Parts,https://mcgaughys.com/products-home-page/,https://mcgaughys.com/?s={sku},http_first,low,detected
wordpress_s_query,wordpress_like,Mean Green,Mean Green,https://mean-green-cleaner.com/,https://mean-green-cleaner.com/?s={sku},http_first,low,detected
wordpress_s_query,wordpress_like,Mevotech,Mevotech,https://www.mevotech.com/,https://www.mevotech.com/?s={sku},http_first,low,detected
wordpress_s_query,wordpress_like,MOOG,MOOG,https://www.moog.com/,https://moog.com/?s={sku},http_first,low,probed
wordpress_s_query,wordpress_like,N-FAB,N-FAB,https://nfabco.com/,https://nfabco.com/?s={sku},http_first,low,detected
wordpress_s_query,wordpress_like,Power Products Unlimited,Power Products Unlimited,https://powerproductsunlimited.com/,https://powerproductsunlimited.com/?s={sku},http_first,low,detected
wordpress_s_query,wordpress_like,Power Stroke Products,Power Stroke Products,https://powerstrokeproducts.com/,https://powerstrokeproducts.com/?s={sku},http_first,low,detected
wordpress_s_query,wordpress_like,PowerStop,PowerStop,https://www.powerstop.com/about-us/,https://www.powerstop.com/?s={sku},http_first,low,detected
wordpress_s_query,wordpress_like,PurePower,PurePower,http://www.purepoweraps.com/,https://purepowertechnologies.com/?s={sku},http_first,low,verified
wordpress_s_query,wordpress_like,Putco Truck Accessories,Putco Truck Accessories,https://www.putco.com/,https://www.putco.com/?s={sku},http_first,low,verified
wordpress_s_query,wordpress_like,Rev-X Oil & Fuel Additive,Rev-X Oil & Fuel Additive,https://revxoil.com/,https://revxoil.com/?s={sku},http_first,low,detected
wordpress_s_query,wordpress_like,RevMax Converters,RevMax Converters,https://www.revmaxconverters.com/,https://revmaxconverters.com/?s={sku},http_first,low,probed
wordpress_s_query,wordpress_like,Rock Slide Engineering,Rock Slide Engineering,https://rockslideengineering.com/,https://rockslideengineering.com/?s={sku},http_first,low,detected
wordpress_s_query,wordpress_like,Rock Tamers Mud Flaps,Rock Tamers Mud Flaps,https://rocktamers.com/,https://rocktamers.com/?s={sku},http_first,low,detected
wordpress_s_query,wordpress_like,S&S Diesel Motorsport,S&S Diesel Motorsport,https://ssdiesel.com/,https://ssdiesel.com/?s={sku},http_first,low,verified
wordpress_s_query,wordpress_like,SCT,SCT,https://sctflash.com/,https://sctflash.com/?s={sku},http_first,low,detected
wordpress_s_query,wordpress_like,Skyjacker Suspension,Skyjacker Suspension,https://skyjacker.com/,https://skyjacker.com/?s={sku},http_first,low,detected
wordpress_s_query,wordpress_like,sPOD,sPOD Switch Pods,https://www.4x4spod.com/,https://4x4spod.com/?s={sku},http_first,low,detected
wordpress_s_query,wordpress_like,Sprint Booster,Sprint Booster,https://www.sprintboosterusa.com/,https://www.sprintboosterusa.com/?s={sku},http_first,low,detected
wordpress_s_query,wordpress_like,SpynTec Industries,SpynTec Industries,https://spyntec.com/,https://spyntec.com/?s={sku},http_first,low,verified
wordpress_s_query,wordpress_like,SuperSprings,SuperSprings,https://superspringsinternational.com/,https://superspringsinternational.com/?s={sku}&id=5023383376,http_first,low,verified
wordpress_s_query,wordpress_like,Switch-Pros,Switch-Pros,https://www.switchpros.com/,https://www.switchpros.com/?s={sku},http_first,low,detected
wordpress_s_query,wordpress_like,Trigger Wireless Accessory Controller,Trigger Wireless Accessory Controller,https://triggercontroller.com/,https://triggercontroller.com/?s={sku},http_first,low,verified
wordpress_s_query,wordpress_like,Tuffy Security,Tuffy Security,https://tuffyproducts.com/,https://tuffyproducts.com/?s={sku},http_first,low,detected
wordpress_s_query,wordpress_like,Turbosmart,Turbosmart,https://www.turbosmart.com/,https://www.turbosmart.com/?s={sku},http_first,low,detected
wordpress_s_query,wordpress_like,Valair Clutch,Valair Clutch,https://valairinc.com/,https://valairinc.com/?s={sku},http_first,low,probed
wordpress_s_query,wordpress_like,Weigh Safe,Weigh Safe,https://www.weigh-safe.com/,https://www.weigh-safe.com/?s={sku},http_first,low,detected
wordpress_search_path,wordpress_like,AEM,AEM,https://www.aemintakes.com/,https://www.aemintakes.com/search/{sku},http_first,low,review
wordpress_search_path,wordpress_like,Airaid,Airaid,https://www.airaid.com/,https://www.airaid.com/search/{sku},http_first_with_browser_fallback,medium,verified
wordpress_search_path,wordpress_like,K&N Filters,K&N Filters,https://www.knfilters.com/,https://www.knfilters.com/search/{sku},http_first_with_browser_fallback,medium,verified
