vendor,display_name,sample_sku,official_website_url,official_website_status,official_website_source,official_website_confidence,search_url_template,search_template_status,search_result_mode,resolver_hint,review_status,review_notes,last_checked_utc
4x4 Posi-Lok,4x4 Posi-Lok,PSL-100,https://4x4posi-lok.com/,confirmed,user_seed + direct_homepage_validation,high,https://4x4posi-lok.com/?s={sku},detected,search_results,jsonld_searchaction_or_html_form,pending,,
73dipstick.com,73dipstick.com,73D-110448,https://73dipstick.com/,probable,exact_brand_domain_match (homepage returns 406 to script),high,,unresolved,,,pending,No visible search input found,
ADDICTIVE DESERT DESIGNS,ADDICTIVE DESERT DESIGNS,ADD-AC8101801NA,https://www.addictivedesertdesigns.com/,probable,search_discovery:ddg,high,https://www.addictivedesertdesigns.com/search?type=product&options[prefix]=last&q={sku},confirmed,search_results,manual_user_seed,pending,,
ADS Shocks,ADS Shocks,ADS-100ADS-10084,https://www.adsshocks.com/,probable,search_discovery:ddg,high,https://www.adsshocks.com/search/?q={sku},confirmed,search_results,manual_user_seed,pending,,
AEM,AEM,AEM-30-3351,https://www.aemintakes.com/,probable,web_search_official_domain; homepage blocks script (403),high,https://www.aemintakes.com/search/{sku},probable,search_results,manual_user_seed,pending,,
AEV | American Expedition Vehicles,AEV | American Expedition Vehicles,AEV-N0340000AB,https://aev-conversions.com/,confirmed,direct_homepage_validation,high,https://aev-conversions.com/search?q={sku},confirmed,search_results,manual_user_seed,pending,,
AFE,AFE,46-71370B,https://afepower.com/,confirmed,direct_homepage_validation,high,https://afepower.com/catalogsearch/result/?q={sku},confirmed,search_results,manual_user_seed,pending,,
AMP Research,AMP Research,AMP-75301-01A,https://ampresearchco.com/about-us/,probable,search_discovery:ddg,high,https://ampresearchco.com/?s={sku},confirmed,search_results,manual_user_seed,pending,.com tld; 3 full vendor match(es) in domain; 2 vendor token hit(s); vendor key present in result text; official/manufacturer phrase; deep path candidate,
ARB,ARB,ARB-AR09,https://arbusa.com/,confirmed,direct_homepage_validation,high,https://store.arbusa.com/search-results-page?q={sku},confirmed,search_results,manual_user_seed,pending,,
ARP Bolts,ARP Bolts,ARP-230-4201,https://arp-bolts.com/,probable,web_search_official_domain; homepage blocks script (403),high,https://arp-bolts.com/,custom,custom_search,manual_user_seed,pending,,
ATI Performance Products,ATI Performance Products,ATI-917365,https://www.atiracing.com/,confirmed,direct_homepage_validation,high,https://atiracing.com/search-results.htm?cx=017413898382317320130:lggw7qy_yqk&cof=FORID:11&q={sku},probable,custom_search,manual_user_seed + html_form_detection,pending,,
ATS Diesel Performance,ATS Diesel Performance,ATS-1039093278,https://atsdiesel.com/,confirmed,direct_homepage_validation,medium,https://atsdiesel.com/search?q={sku},confirmed,search_results,manual_user_seed,pending,,
AccuAir Suspension,AccuAir Suspension,AA-3837,https://accuair.com/,confirmed,direct_homepage_validation,high,https://accuair.com/search?q={sku}&options%5Bprefix%5D=last,confirmed,search_results,playwright_search_submit,pending,,
Accutrim,Accutrim,AF-928,https://www.accu-trim.com/,confirmed,direct_homepage_validation,medium,https://accu-trim.com/search?q={sku},probed,search_results,common_template_probe_with_playwright,pending,,
Adams Driveshaft & Offroad,Adams Driveshaft & Offroad,ADAMS-RAM-1350F-5GEN,https://www.adamsdriveshaftoffroad.com/,confirmed,direct_homepage_validation,high,https://www.adamsdriveshaftoffroad.com/search?q={sku},detected,search_results,jsonld_searchaction_or_html_form,pending,,
Aeroturbine,Aeroturbine,AERO-AR20,https://www.aeroturbineparts.com/about/,probable,search_discovery:ddg,high,https://aeroexhaust.com/search.html?q={sku},confirmed,search_results,manual_user_seed_cross_domain,pending,Confirmed manual search route on vendor domain: https://aeroexhaust.com/search.html?q={sku}.,
Air Lift Company,Air Lift Company,AL-57399,https://www.airliftcompany.com/,confirmed,direct_homepage_validation,high,https://airliftcompany.com/search?q={sku},probed,search_results,common_template_probe_with_playwright,pending,,
AirDog | PureFlow Technologies,AirDog | PureFlow Technologies,PFT-WS100,https://airdogdiesel.com/,confirmed,direct_homepage_validation,medium,https://airdogdiesel.com/?s={sku},confirmed,search_results,manual_wordpress_search_validation,pending,Validated WordPress search route; alternate /search/{sku} route also appears in og:url.,
Airaid,Airaid,AIR-300-128,https://www.airaid.com/,probable,web_search_official_domain; homepage blocks script (403),high,https://www.airaid.com/search/{sku},confirmed,search_results,manual_user_seed,pending,Path-style search URL confirmed manually from site search UI. Existing note: search-template fetch error: HTTP Error 403: Forbidden,
Alliant Power,Alliant Power,AP-AP0015,https://alliantpower.com/,confirmed,direct_homepage_validation,high,https://alliantpower.com/?s={sku},detected,search_results,jsonld_searchaction_or_html_form,pending,,
Alpharex,Alpharex Performance Lighting,ARX-810003,https://alpharexusa.com/,probable,search_discovery:ddg,high,https://alpharexusa.com/search?type=product&options%5Bunavailable_products%5D=last&options%5Bprefix%5D=last&q={sku},confirmed,search_results,manual_user_seed,pending,Confirmed manual search URL from site search UI. Existing note: Bot challenge page,
American Axle & Manufacturing (AAM),American Axle & Manufacturing (AAM),AAM-DS U-926,https://www.aam.com/,probable,search_discovery:ddg,medium,,unresolved,,,pending,No visible search input found,
American Racing Wheels | ATX Series,American Racing Wheels | ATX Series,AR-AR1726882,https://www.atxwheels.com/,probable,search_discovery:ddg,high,https://www.atxwheels.com/catalogsearch/result/?q={sku},confirmed,search_results,manual_user_seed,pending,Confirmed manual search URL from site search UI. Existing note: No visible search input found,
Anvil Off-Road,Anvil Off-Road,AOR-2791AOR,https://www.anviloffroad.ca/,probable,search_discovery:ddg,high,https://www.holley.com/search/?q={sku},confirmed,search_results,manual_parent_brand_holley_search,pending,Anvil Off-Road uses Holley search. Confirmed manual search route: https://www.holley.com/search/?q={sku}.,
Apex Chassis,Apex Chassis,APX-BJ162,https://apexchassis.com/,probable,search_discovery:ddg,high,https://apexchassis.com/search?q={sku}&search=,confirmed,search_results,manual_user_seed,pending,Confirmed manual search URL from site search UI. Existing note: No visible search input found,
Apex Designs,Apex Designs,APXD-X02-02-002,https://apexdesignsllc.com/,probable,search_discovery:ddg,high,https://apexdesignsllc.com/?s={sku},probed,search_results,common_template_probe,pending,,
Artec Industries,Artec Industries,ARTEC-TR1101,https://artecindustries.com/,probable,search_discovery:ddg,high,https://artecindustries.com/search?q={sku},detected,search_results,jsonld_searchaction_or_html_form,pending,,
Auto Meter,Auto Meter,AM-8586,https://www.autometer.com/,probable,exact_brand_domain_match; homepage blocks script (403),high,https://www.autometer.com/catalogsearch/result?q={sku},confirmed,search_results,manual_user_seed,pending,"Manual note: appending SKU lands on a 0-results page, waits a few seconds, then refreshes into the product page. Existing note: search-template fetch error: HTTP Error 403: Forbidden",
AutoEnginuity,AutoEnginuity,Auto-EI02,https://www.autoenginuity.com/,probable,search_discovery:ddg,high,https://www.autoenginuity.com/?s={sku},detected,search_results,jsonld_searchaction_or_html_form,pending,,
Axiom Supply,Axiom Supply,AXS-AXTL03,https://axiomsupply.com/,probable,search_discovery:ddg,high,https://axiomsupply.com/search?q={sku},detected,search_results,jsonld_searchaction_or_html_form,pending,,
B&M Shifters,B&M Shifters,BM-45199,https://www.bmracing.com/,probable,brand_domain_redirect_to_holley_brand_page,high,https://www.holley.com/search/?q={sku},confirmed,search_results,inferred_parent_brand_holley_search,pending,Inferred from live browser redirect: bmracing.com resolves onto a Holley-hosted brand page. Using Holley search route https://www.holley.com/search/?q={sku}.,
BD-Power,BD-Power,BD-1027144,https://us.bddiesel.com/,confirmed,direct_homepage_validation,high,https://us.bddiesel.com/collections/shop?q={sku},confirmed,search_results,playwright_search_submit,pending,,
BDS Suspension,BDS Suspension,BDS-189H,https://bds-suspension.com/,confirmed,direct_homepage_validation,high,https://bds-suspension.com/search?q={sku},detected,search_results,jsonld_searchaction_or_html_form,pending,,
BMC Lights,BMC Lights,BMC-RAM-250-HB-RGD-STD,https://bmclights.com/,probable,search_discovery:ddg,high,https://bmclights.com/shop-for-bmc-kits/ols/search?keywords={sku},confirmed,search_results,manual_user_seed,pending,Confirmed manual search route: https://bmclights.com/shop-for-bmc-kits/ols/search?keywords={sku}.,
Baer Brake Systems,Baer Brake Systems,BAER-2141023-2,https://www.baer.com/,probable,search_discovery:ddg,high,https://www.baer.com/search/?q={sku},confirmed,search_results,playwright_search_submit,pending,,
Baja Designs Offroad LED Lights,Baja Designs Offroad LED Lights,BD-107004,https://www.bajadesigns.com/,confirmed,direct_homepage_validation,medium,https://www.bajadesigns.com/?s={sku},detected,search_results,jsonld_searchaction_or_html_form,pending,,
Baldwin Filters,Baldwin Filters,PF7977,https://www.baldwinfilters.com/us/en.html,probable,search_discovery:ddg,high,,unresolved,,,pending,search-template fetch error: HTTP Error 403: Forbidden,
Banks Power,Banks Power,BAN-25987,https://bankspower.com/,confirmed,direct_homepage_validation,medium,https://bankspower.com/search?q={sku},detected,search_results,jsonld_searchaction_or_html_form,pending,,
Beans Diesel | Bean Machine,Beans Diesel | Bean Machine,BDP-280003,https://bdpshop.com/,probable,search_discovery:ddg,low,https://bdpshop.com/search.php?search_query={sku},confirmed,search_results,playwright_search_submit,pending,,
Big Days,Big Days,BND-R1000,https://big-days.com/collections/accessories,probable,search_discovery:ddg,high,https://big-days.com/search?q={sku},detected,search_results,jsonld_searchaction_or_html_form,pending,,
Bilstein Shock Absorbers,Bilstein Shock Absorbers,BIL-24-158848,https://cart.bilsteinus.com/,probable,search_discovery:ddg,medium,https://cart.bilsteinus.com/catalogue?typeofsearch=1&search_query_adv={sku},confirmed,search_results,manual_user_seed,pending,Confirmed manual search URL from site search UI. Existing note: No visible search input found,
Bitterroot Diesel Performance,Bitterroot Diesel Performance,BDP-ZF6BOOTAMACH,https://bitterrootdiesel.com/,probable,search_discovery:ddg,high,https://bitterrootdiesel.com/search?q={sku}&type=product,confirmed,search_results,playwright_search_submit,pending,,
Black Mamba Gloves,Black Mamba Gloves,BMG-OMG-110,https://www.blackmambagloves.com/,confirmed,direct_homepage_validation,high,https://www.blackmambagloves.com/?s={sku},confirmed,search_results,manual_wordpress_search_validation,pending,Search route validated; sample SKU returned a no-results page.,
Black Rhino Wheels,Black Rhino Wheels,BRW-1795ARY-88170G25,https://www.blackrhinowheels.com/,confirmed,direct_homepage_validation,high,https://www.blackrhinowheels.com/catalogsearch/result/?q={sku},confirmed,search_results,manual_magento_form_validation,pending,,
Blend Door USA,Blend Door USA,BDUSA-5DR,https://www.blenddoorusa.com/,confirmed,direct_homepage_validation,high,https://www.blenddoorusa.com/search?q={sku},confirmed,search_results,playwright_search_submit,pending,,
BorgWarner,BorgWarner,BW-179425,https://www.borgwarner.com/home,confirmed,direct_homepage_validation,high,https://www.borgwarner.com/search?indexCatalogue=default&searchQuery={sku}&wordsMode=0,confirmed,search_results,playwright_search_submit,pending,,
Borgeson,Borgeson,BG-800123,https://www.borgeson.com/,probable,search_discovery:ddg,high,https://www.borgeson.com/?target=search&mode=search&substring={sku}&including=all,confirmed,search_results,manual_user_seed,pending,Confirmed manual search URL from site search UI. Existing note: Search returned no results,
Borne Off-Road,Borne Off-Road,BOR-BNSB-8,https://rogue-offroad.com/Borne-Off-Road_bymfg_275-0-1.html,probable,search_discovery:ddg,high,https://www.borne.com/catalogsearch/result/?q={sku},confirmed,search_results,manual_user_seed,pending,Confirmed manual search URL from site search UI. Existing note: Bot challenge page,
Bosch,Bosch,BOS-HP004X,https://www.bosch.us/,probable,search_discovery:ddg,high,https://www.bosch.us/search.html?q={sku},confirmed,search_results,manual_user_seed,pending,Confirmed manual search URL from site search UI. Existing note: No visible search input found,
Bubba Rope,Bubba Rope,BR-176000OR,https://www.bubbarope.com/,probable,search_discovery:ddg,high,https://www.bubbarope.com/?s={sku},detected,search_results,jsonld_searchaction_or_html_form,pending,,
BuiltRight Industries,BuiltRight Industries,BRI-104012,https://builtrightind.com/,probable,search_discovery:ddg,high,https://builtrightind.com/search?q={sku},detected,search_results,jsonld_searchaction_or_html_form,pending,,
BulletProof Diesel,BulletProof Diesel,BPD-6700001,https://bulletproofdiesel.com/,probable,search_discovery:ddg,high,https://bulletproofdiesel.com/search?q={sku},detected,search_results,jsonld_searchaction_or_html_form,pending,,
BulletProof Hitches,BulletProof Hitches,BPH-MD204,https://www.bulletproofhitches.com/,probable,search_discovery:ddg,high,https://www.bulletproofhitches.com/search?q={sku},confirmed,search_results,manual_user_seed,pending,Confirmed manual search URL from site search UI. Existing note: Unable to populate search input,
Bully Dog,Bully Dog,BUL-30490,https://bullydog.com/,probable,search_discovery:ddg,high,https://bullydog.com/?s={sku},detected,search_results,jsonld_searchaction_or_html_form,pending,,
Bully Dog Big Rig,Bully Dog Big Rig,Bul-56700,https://bullydogbigrig.com/products.php,probable,search_discovery:ddg,high,https://bullydog.com/?s={sku},detected,search_results,jsonld_searchaction_or_html_form,pending,,
CJC Off-Road,CJC Off-Road,CJC-3500-PLOW,https://www.cjcoffroad.com/,probable,search_discovery:ddg,high,https://www.cjcoffroad.com/search?q={sku},confirmed,search_results,playwright_search_submit,pending,,
CNC Fabrication,CNC Fabrication,CNC-424005,https://cncfabrication.com/,probable,search_discovery:ddg,high,https://cncfabrication.com/?s={sku},confirmed,search_results,playwright_search_submit,pending,,
CR2 Performance & Fabrication,CR2 Performance & Fabrication,CR2-10100,https://cr2fabrication.com/pages/contact,probable,search_discovery:ddg,medium,https://cr2fabrication.com/search?q={sku},detected,search_results,jsonld_searchaction_or_html_form,pending,,
CSF Radiators,CSF Radiators,CSF-6076,https://csfradiators.com/,probable,search_discovery:ddg,high,https://csfradiators.com/?s={sku},detected,search_results,jsonld_searchaction_or_html_form,pending,,
Calibrated Power,Calibrated Power,CP-03046LPS,https://duramaxtuner.com/,probable,search_discovery:ddg,high,https://duramaxtuner.com/search.html?Search={sku},probed,search_results,common_template_probe,pending,,
Camburg Suspension,Camburg Suspension,CAM-030061,https://www.suspensionlifts.com/brand/camburg/,probable,search_discovery:ddg,high,https://www.suspensionlifts.com/?post_type=product&s={sku}&asp_active=1&p_asid=1&p_asp_data=1&filters_initial=1&filters_changed=0&qtranslate_lang=0&woo_currency=USD&current_page_id=701,confirmed,search_results,manual_user_seed,pending,.com tld; 1 vendor token hit(s); vendor key present in result text; deep path candidate,
Carli Suspension,Carli Suspension,CS-FLC-05,https://www.carlisuspension.com/,confirmed,direct_homepage_validation,high,https://www.carlisuspension.com/?s={sku},detected,search_results,jsonld_searchaction_or_html_form,pending,,
Cataclean,Cataclean,CAC-120007,https://cataclean.com/,probable,search_discovery:ddg,high,https://cataclean.com/?s={sku},detected,search_results,jsonld_searchaction_or_html_form,pending,,
Centerforce Performance Clutch,Centerforce Performance Clutch,CFC-N1774,https://www.centerforce.com/,probable,search_discovery:ddg,high,https://www.centerforce.com/search.html?q={sku},confirmed,search_results,manual_user_seed,pending,Confirmed manual search URL from site search UI. Existing note: Search results page,
Clampco,Clampco,DPP-94158-0300,https://www.clampco.com/about/,probable,search_discovery:ddg,high,https://clampco.com/?s={sku},probed,search_results,common_template_probe,pending,,
Clutch Masters,Clutch Masters,CM-05CM2-TD12R-S,https://clutchmasters.com/,probable,search_discovery:ddg,high,https://clutchmasters.com/search.html?q={sku},confirmed,search_results,manual_user_seed,pending,Confirmed manual search URL from site search UI. Existing note: Search returned no results,
Cognito Motorsports Suspension,Cognito Motorsports Suspension,CM-110-90715,https://cognitomotorsports.com/,probable,search_discovery:ddg,high,https://cognitomotorsports.com/catalogsearch/result/?q={sku},confirmed,search_results,playwright_search_submit,pending,,
ComeUp Winch,ComeUp Winch,CU-295620,https://www.comeupwinch.com/,probable,search_discovery:ddg,high,https://comeupwinch.com/search.php?search_query={sku},probed,search_results,common_template_probe,pending,,
Cometic Gaskets,Cometic Gaskets,COM-C4514,https://www.cometic.com/,confirmed,direct_homepage_validation,high,https://cometic.com/products/search?q={sku},probed,search_results,common_template_probe_with_playwright,pending,,
Complete Performance,Complete Performance,CP-310,https://cpaddict.com/,probable,search_discovery:ddg,high,https://cpaddict.com/search?q={sku},detected,search_results,jsonld_searchaction_or_html_form,pending,,
Crown Brake Lines,Crown Brake Lines,CROWN-GM77FR-00-CLE,https://crownperformance.com/,confirmed,direct_homepage_validation,high,https://crownperformance.com/search.php?search_query={sku},probed,search_results,common_template_probe,pending,,
Cummins Diesel Parts,Cummins Diesel Parts,DPP-12VB,https://parts.cummins.com/esn-entry/main,probable,search_discovery:ddg,high,https://parts.cummins.com/global-search/main/{sku},confirmed,search_results,playwright_search_submit,pending,,
Custom Battery Cables,Custom Battery Cables,CBC-781,https://custombatterycables.com/,probable,search_discovery:ddg,high,https://custombatterycables.com/?s={sku},detected,search_results,jsonld_searchaction_or_html_form,pending,,
Customs Unlimited,Customs Unlimited,CU-284-N-A13,https://customsunlimited.com/pages/about-us,probable,search_discovery:ddg,high,https://customsunlimited.com/search?q={sku},detected,search_results,jsonld_searchaction_or_html_form,pending,,
D&J Precision Machine,D&J Precision Machine,DJ-DJPLB100076,https://djprecisionmachine.com/,probable,search_result_official_domain_match,high,https://djprecisionmachine.com/search?q={sku},detected,search_results,jsonld_searchaction_or_html_form,pending,,
Dana / Spicer,Dana / Spicer,SPICER-SPL55-3X,https://www.dana.com/,probable,search_discovery:ddg,medium,https://www.dana.com/search/?q={sku},confirmed,search_results,playwright_search_submit,pending,,
Dayco,Dayco,DC-71716,https://www.dayco.com/,probable,search_discovery:ddg,high,https://www.dayco.com/na-en/?s={sku},confirmed,search_results,manual_user_seed,pending,Confirmed manual search URL from site search UI. Existing note: search-template fetch error: HTTP Error 403: Forbidden,
Daystar,Daystar,DAY-KU31001,https://daystarproducts.com/pages/dealer-locator,probable,search_discovery:ddg,high,https://daystarproducts.com/search?q={sku},detected,search_results,jsonld_searchaction_or_html_form,pending,,
"Deaver Spring, Inc.","Deaver Spring, Inc.",DS-G7,https://deaverspring.com/,probable,search_discovery:ddg,high,https://deaverspring.com/?s={sku},detected,search_results,jsonld_searchaction_or_html_form,pending,,
Dethloff,Dethloff Mfg,DL-IG-19,https://dethloffmfg.com/,probable,search_discovery:ddg,high,https://dethloffmfg.com/?s={sku},detected,search_results,jsonld_searchaction_or_html_form,pending,,
DiabloSport,DiabloSport,DS-8145,https://diablosportco.com/,probable,search_discovery:ddg,high,https://diablosportco.com/?s={sku},detected,search_results,jsonld_searchaction_or_html_form,pending,,
Diamond Eye Performance,Diamond Eye Performance,DE-L20AA,https://www.diamondeyeperformance.com/,confirmed,direct_homepage_validation,high,https://www.diamondeyeperformance.com/?s={sku},confirmed,search_results,playwright_search_submit,pending,,
Diesel Power Products,Diesel Power Products,DPP-506,https://www.dieselpowerproducts.com/pages/contact,probable,search_discovery:ddg,high,https://dieselpowerproducts.com/search?q={sku},detected,search_results,jsonld_searchaction_or_html_form,pending,,
Diesel Rx,Diesel Rx,DRX01005,https://dieselrx.com/,probable,search_discovery:ddg,high,https://dieselrx.com/search?q={sku},probed,search_results,common_template_probe,pending,,
DieselSite,DieselSite,DS-4WD,https://www.dieselsite.com/,probable,search_discovery:ddg,high,https://www.dieselsite.com/search.aspx?find={sku},confirmed,search_results,manual_user_seed,pending,Confirmed manual search URL from site search UI. Existing note: No visible search input found,
Diode Dynamics,Diode Dynamics,DD-DD7120,https://www.diodedynamics.com/,probable,search_discovery:ddg,high,https://www.diodedynamics.com/catalogsearch/result/?q={sku},detected,search_results,jsonld_searchaction_or_html_form,pending,,
Dipaco DTech Diesel Parts,Dipaco DTech Diesel Parts,DT-650017,https://usdieselparts.com/,probable,search_discovery:ddg,medium,https://usdieselparts.com/search/?query={sku},confirmed,search_results,playwright_search_submit,pending,,
Dirt Church Industries,Dirt Church Industries,ARB-CKMTA12,https://dirtchurchindustries.com/,probable,search_discovery:ddg,high,https://dirtchurchindustries.com/search?q={sku},detected,search_results,jsonld_searchaction_or_html_form,pending,,
Dorman,Dorman,DOR-600-202,https://www.dormanproducts.com/,probable,search_discovery:ddg,high,https://www.dormanproducts.com/gsearch.aspx?type=oesearch&origin=oesearch&q={sku},confirmed,search_results,manual_user_seed,pending,Confirmed manual search URL from site search UI. Existing note: No visible search input found,
Driven Diesel,Driven Diesel,DD-73L-OBA,http://www.drivendiesel.com/,probable,search_discovery:ddg,high,https://www.strictlydiesel.com/isearch3?searchterm={sku},confirmed,search_results,manual_user_seed,pending,Vendor uses Strictly Diesel commerce search; cross-domain search route confirmed manually. Existing note: No visible search input found,
Dually Design Co.,Dually Design Co.,DDC-F14K40,https://ddcwheels.com/brand/dually-design-co/,probable,search_discovery:ddg,high,https://ddcwheels.com/?s={sku},detected,search_results,jsonld_searchaction_or_html_form,pending,,
DuramaxTuner.com,DuramaxTuner.com,DT-CPS200340,https://duramaxtuner.com/,probable,search_discovery:ddg,high,https://duramaxtuner.com/search.html?q={sku},probed,search_results,common_template_probe,pending,,
Dynatrac,Dynatrac,DYN-BJK-D60A,https://www.dynatrac.com/pages/about-us,probable,search_discovery:ddg,high,https://www.dynatrac.com/search?q={sku},detected,search_results,jsonld_searchaction_or_html_form,pending,,
Dynomite Diesel,Dynomite Diesel,DDP-67CON,https://dynomitediesel.com/,probable,search_discovery:ddg,high,https://dynomitediesel.com/search?type=product&q={sku},detected,search_results,jsonld_searchaction_or_html_form,pending,,
EBC Brakes,EBC Brakes,EBC-GD7509,https://www.ebcbrakes.com/,probable,search_discovery:ddg,high,https://www.ebcbrakes.com/?s={sku},detected,search_results,jsonld_searchaction_or_html_form,pending,,
EMF Ball Joints,EMF Ball Joints,EMF-DSB-3999-PAIR,https://emfballjoints.com/collections,probable,search_discovery:ddg,high,https://emfballjoints.com/search?q={sku},confirmed,search_results,playwright_search_submit,pending,,
EMP Shield,EMP Shield,EMP-DC-12V-W,https://www.empshield.com/,probable,search_discovery:ddg,high,https://www.empshield.com/?s={sku},detected,search_results,jsonld_searchaction_or_html_form,pending,,
Empire Performance Engineering,Empire Performance Engineering,,https://empireperformance.com.au/,probable,search_discovery:ddg,high,https://empireperformance.com.au/search?type=product&q={sku},confirmed,search_results,playwright_search_submit,pending,Captured by live browser submit on vendor site using generic probe query. Search UI resolved to https://empireperformance.com.au/search?type=product&q={sku}.,
EZ LYNK,EZ LYNK,EZ-100EE00AA3,https://www.ezlynk.com/,probable,search_discovery:ddg,high,,unresolved,,,pending,No visible search input found,
Eastern Industries,Eastern Industries,EI-18-1575,http://eastern-industries.com/,probable,search_discovery:ddg,high,,unresolved,,,pending,No visible search input found,
Edge Products,Edge Products,EDG-28405,https://www.edgeproducts.com/,probable,search_discovery:ddg,high,https://www.edgeproducts.com/search/?q={sku},confirmed,search_results,manual_user_seed,pending,Confirmed by manual site search flow: search 123 on site and record resulting URL. Existing note: search-template fetch error: HTTP Error 403: Forbidden,
Expedition One,Expedition One,EXP1-FORDSD-17-FB-PC,https://www.expeditiononestore.com/,probable,search_discovery:ddg,high,https://www.expeditiononestore.com/search.asp?keyword={sku},confirmed,search_results,manual_user_seed,pending,Confirmed manual search route: https://www.expeditiononestore.com/search.asp?keyword={sku}.,
Extend,Extend,Extend-Protection-Plan-0.09,https://www.extend.com/,probable,search_discovery:ddg,high,,unresolved,,,pending,No visible search input found,
FASS EGR Solutions,FASS EGR Solutions,FASS-EGRC17,https://fassegrsolutions.com/,probable,search_discovery:ddg,high,,unresolved,,,pending,No visible search input found,
FASS Fuel Systems,FASS Fuel Systems,DDP-RK-04,https://www.fassride.com/,confirmed,direct_homepage_validation,medium,https://shop.fassride.com/Products/Search?search={sku},confirmed,search_results,manual_json_api_id_detail,pending,"Validated against the live Midway widget. The popup search uses input#search-field inside .midway-search-input-container and calls GET https://shop.fassride.com/Products/Search?search={sku}. Use the JSON products[] hit, score by partNumber, then build https://www.fassride.com/details?id={id}. The raw search endpoint alone is not sufficient for prefixed alias SKUs because it can return fuzzy matches.",
FOX Shocks,FOX Shocks,FOX-98502127,https://ridefox.com/,confirmed,direct_homepage_validation,high,https://ridefox.com/search?q={sku},detected,search_results,jsonld_searchaction_or_html_form,pending,,
Factor 55,Factor 55,FF-00013,https://www.factor55.com/,confirmed,direct_homepage_validation,high,https://www.factor55.com/search?q={sku},confirmed,search_results,playwright_search_submit,pending,,
Factory Aftermarket,Factory Aftermarket,FA-FSD-CS-2022,https://factoryaftermarket.com/collections/all,probable,search_discovery:ddg,high,https://factoryaftermarket.com/search?q={sku},detected,search_results,jsonld_searchaction_or_html_form,pending,,
Fairchild Industries,Fairchild Industries,FI-F3019,https://fairchildindustries.com/,probable,search_discovery:ddg,high,https://fairchildindustries.com/search/{sku}/,detected,search_results,jsonld_searchaction_or_html_form,pending,,
Fast Coolers,Fast Coolers,FC-2FCVR,https://www.fastcoolers.com/,probable,search_discovery:ddg,high,https://www.fastcoolers.com/search?q={sku},detected,search_results,jsonld_searchaction_or_html_form,pending,,
Fender Gripper,Fender Gripper,FND-FG2001,https://www.holley.com/brands/fender_gripper/,probable,search_discovery:ddg,high,https://www.holley.com/search/?q={sku},confirmed,search_results,manual_parent_brand_holley_search,pending,Fender Gripper uses Holley search. Confirmed manual search route: https://www.holley.com/search/?q={sku}.,
Fleece Performance Engineering,Fleece Performance Engineering,FPE-CP3X2,https://www.fleeceperformance.com/,confirmed,direct_homepage_validation,high,https://www.fleeceperformance.com/catalogsearch/result/?q={sku},detected,search_results,jsonld_searchaction_or_html_form,pending,,
Fleetguard Filters,Fleetguard Filters,FG-LF9028,https://fleet-reliable-filters.com/catalogs,probable,search_discovery:ddg,high,https://fleet-reliable-filters.com/catalogsearch/result/index/?q={sku},detected,search_results,jsonld_searchaction_or_html_form,pending,,
Flex-A-Lite,Flex-A-Lite,FAL-103961,https://flex-a-lite.com/,probable,search_discovery:ddg,high,https://flex-a-lite.com/catalogsearch/result/?q={sku},confirmed,search_results,playwright_search_submit,pending,,
Flowmaster,Flowmaster,FM-1078,https://the-flowmaster.com/,probable,search_discovery:ddg,high,https://the-flowmaster.com/?s={sku},detected,search_results,jsonld_searchaction_or_html_form,pending,,
Fluidampr,Fluidampr,FD-720211,https://fluidampr.com/,probable,search_discovery:ddg,high,https://fluidampr.com/?s={sku},detected,search_results,jsonld_searchaction_or_html_form,pending,,
Flyin Diesel,Flyin Diesel,FD-5967-BLACK,https://flyindiesel.com/,probable,search_discovery:ddg,high,https://flyindiesel.com/search.html?q={sku},confirmed,search_results,manual_user_seed,pending,Confirmed manual search route: https://flyindiesel.com/search.html?q={sku}.,
Ford Motor Company,Ford Motor Company,FA-1757,https://corporate.ford.com/about/brands/,probable,search_discovery:ddg,high,https://www.ford.com/search/?f%3AsearchInputString={sku},confirmed,search_results,manual_user_seed,pending,Confirmed manual search route: https://www.ford.com/search/?f%3AsearchInputString={sku}.,
Frantz Oil Filters,Frantz Oil Filters,FOF-FKPWR60,https://www.frantzfilters.com/,probable,search_discovery:ddg,high,https://www.frantzfilters.com/?s={sku},detected,search_results,jsonld_searchaction_or_html_form,pending,,
Fuel Bomb,Fuel Bomb,FB-002,https://fuelbomb.com/,probable,search_discovery:ddg,high,https://fuelbomb.com/?s={sku},detected,search_results,jsonld_searchaction_or_html_form,pending,,
Fuelab,Fuelab,FL-50102,https://fuelab.com/,probable,search_discovery:ddg,high,https://fuelab.com/search.html?q={sku},confirmed,search_results,manual_user_seed,pending,Confirmed manual search route: https://fuelab.com/search.html?q={sku}.,
Full Force Diesel,Full Force Diesel,FFD-FFD143,https://www.fullforcediesel.com/about-us/,probable,search_discovery:ddg,high,https://www.fullforcediesel.com/search?show_in_vexture=Yes&Search={sku},confirmed,search_results,manual_user_seed,pending,Confirmed by manual site search flow: search 123 on site and record resulting URL. Existing note: Bot challenge page,
Full Send Diesel,Full Send Diesel,FSD-01-B,https://fullsenddiesel.com/,probable,search_discovery:ddg,high,https://fullsenddiesel.com/search?q={sku},detected,search_results,jsonld_searchaction_or_html_form,pending,,
Fumoto Engineering,Fumoto Engineering,F-104,https://www.fumotousa.com/,confirmed,search_result_official_domain_plus_direct_homepage_validation,high,https://www.fumotousa.com/?target=search&mode=search&substring={sku}&including=all,confirmed,search_results,playwright_search_submit,pending,,
Garrett,Garrett,GAR-448486-0004,https://garrett.com/,probable,search_discovery:ddg,high,https://garrett.com/?s={sku},detected,search_results,jsonld_searchaction_or_html_form,pending,,
Gator Fasteners,Gator Fasteners,GF-HSK64,https://gatorfasteners.com/,probable,search_discovery:ddg,high,,unresolved,,,pending,search-template fetch error: HTTP Error 405: Not Allowed,
Gearhead Automotive Performance,Gearhead Automotive Performance,SCT-7015C60-SN,https://www.gearheadautomotive.co/,probable,search_discovery:ddg,high,,unresolved,,,pending,No visible search input found,
Gen-Y Hitch,GEN-Y Hitch,GH-060,https://genyhitch.com/,probable,search_discovery:ddg,high,https://genyhitch.com/search?q={sku},confirmed,search_results,manual_user_seed,pending,Confirmed manual search route: https://genyhitch.com/search?q={sku}.,
Generic,Generic,DPP-OCK-PSD-9403,,placeholder,manual_placeholder_cleanup,low,,unreviewed,,,pending,Placeholder vendor row; no official manufacturer website assigned,
Generic Manufacturer,Generic Manufacturer,DPP-1G195,,placeholder,manual_placeholder_cleanup,low,,unreviewed,,,pending,Placeholder vendor row; no official manufacturer website assigned,
Generic Race Parts (GRP),Generic Race Parts (GRP),GRP-FUELCAP,https://www.gregsraceparts.com/,probable,search_discovery:ddg,high,https://www.gregsraceparts.com/search?q={sku},confirmed,search_results,playwright_search_submit,pending,,
Glacier Diesel Power,Glacier Diesel Power,GDP-1012FE,https://www.glacierdieselpower.com/,probable,search_discovery:ddg,high,https://www.glacierdieselpower.com/search?q={sku},detected,search_results,jsonld_searchaction_or_html_form,pending,,
Grizzly,Grizzly Products,GZ-GA108,https://www.grizzly.com/,probable,search_discovery:ddg,high,https://www.grizzly.com/search?q={sku},detected,search_results,jsonld_searchaction_or_html_form,pending,,
H&S Motorsports,H&S Motorsports,HS-121003,https://hsmotorsports.com/,confirmed,direct_homepage_validation,high,https://hsmotorsports.com/search?q={sku},probed,search_results,common_template_probe_with_playwright,pending,,
HPS Performance,HPS Performance,HPS-57-1539,https://hpsperformanceproducts.com/,probable,search_discovery:ddg,high,https://hpsperformanceproducts.com/pages/search-results-page?q={sku},confirmed,search_results,manual_user_seed,pending,Confirmed manual search route: https://hpsperformanceproducts.com/pages/search-results-page?q={sku}.,
HUBB Reuseable Oil Filters,HUBB Reuseable Oil Filters,HUBB-3304,https://www.hubbfilters.com/,probable,search_discovery:ddg,high,,unresolved,,,pending,No visible search input found,
Hamilton Cams,Hamilton Cams,HAM-SC-001,https://hamiltoncams.com/,probable,search_discovery:ddg,high,https://hamiltoncams.com/?s={sku},detected,search_results,jsonld_searchaction_or_html_form,pending,,
Hawk Performance,Hawk Performance,HAWK-HTC4466,https://www.hawkperformance.com/,probable,search_discovery:ddg,high,,unresolved,,,pending,No visible search input found,
Hays Clutches,Hays Clutches,HAYS-92D-3000,https://www.holley.com/brands/hays/,probable,search_discovery:ddg,medium,https://www.holley.com/search/?q={sku},confirmed,search_results,manual_parent_brand_holley_search,pending,Hays Clutches uses Holley search. Confirmed manual search route: https://www.holley.com/search/?q={sku}.,
Heatshield Products,Heatshield Products,HP-300074,https://heatshieldproducts.com/,probable,search_discovery:ddg,high,https://heatshieldproducts.com/?s={sku},detected,search_results,jsonld_searchaction_or_html_form,pending,,
Hellwig Products,Hellwig Products,HEL-7252,https://www.hellwigproducts.com/,probable,search_discovery:ddg,high,https://www.hellwigproducts.com/?s={sku},detected,search_results,jsonld_searchaction_or_html_form,pending,,
Highway Products,Highway Products,HP-4030-049,https://highwayproducts.com/,probable,search_discovery:ddg,high,https://highwayproducts.com/?s={sku},confirmed,search_results,playwright_search_submit,pending,,
Holders Diesel,Holders Diesel,HD-60-STK-PS,https://holdersdiesel.com/collections/all,probable,search_discovery:ddg,high,https://holdersdiesel.com/search?q={sku},detected,search_results,jsonld_searchaction_or_html_form_with_playwright,pending,,
Holset Turbochargers,Holset Turbochargers,HOL-4034315,https://turbochargersbyholset.com/,probable,search_discovery:ddg,high,https://turbochargersbyholset.com/?s={sku},confirmed,search_results,playwright_search_submit,pending,,
Hot Shot's Secret High Performance Additives,Hot Shot's Secret High Performance Additives,HSS-AAL4Z,https://www.hotshotsecret.com/,probable,search_discovery:ddg,high,https://www.hotshotsecret.com/?s={sku},confirmed,search_results,manual_user_seed,pending,Confirmed manual search route: https://www.hotshotsecret.com/?s={sku}.,
Hypertech,Hypertech,HYP-730127,https://hypertech.com/,probable,search_discovery:ddg,high,,unresolved,,,pending,No visible search input found,
ICON Alloys,ICON Alloys,IA-192050,https://iconvehicledynamics.com/collections/wheel,confirmed,direct_homepage_validation_via_brand_redirect,medium,https://iconvehicledynamics.com/search?q={sku},detected,search_results,jsonld_searchaction_or_html_form,pending,.com tld; vendor key present in result text; deep path candidate,
ICON Vehicle Dynamics,ICON Vehicle Dynamics,ICON-37024,https://iconvehicledynamics.com/,confirmed,direct_homepage_validation,high,https://iconvehicledynamics.com/search?q={sku},detected,search_results,jsonld_searchaction_or_html_form,pending,,
ISSPRO,ISSPRO,ISS-R8912,https://isspro.com/,confirmed,direct_homepage_validation,high,https://isspro.com/Search/PartNoSearch?q={sku},probed,search_results,common_template_probe,pending,,
Industrial Injection,Industrial Injection,II-227411,https://industrialinjection.com/,confirmed,direct_homepage_validation,high,https://industrialinjection.com/search?type=product%2Carticle%2Cpage%2Ccollection&options[prefix]=last&q={sku},confirmed,search_results,playwright_search_submit,pending,,
Injen Technology,Injen Technology,INJ-EVO7008,https://injen.com/,probable,search_discovery:ddg,high,https://injen.com/search.html?q={sku},confirmed,search_results,playwright_search_submit,pending,,
Irate Diesel Performance,Irate Diesel Performance,IDP-T4CMSSD,https://www.iratediesel.com/about-us/,probable,search_discovery:ddg,high,https://www.iratediesel.com/?s={sku},confirmed,search_results,manual_user_seed,pending,Confirmed by manual site search flow: search 123 on site and record resulting URL. Existing note: Bot challenge page,
JKS Manufacturing,JKS Manufacturing,JKS-JKS2033,https://jksmfg.com/,probable,search_discovery:ddg,high,https://jksmfg.com/search?q={sku},detected,search_results,jsonld_searchaction_or_html_form,pending,,
K&N Filters,K&N Filters,KN-E-0776,https://www.knfilters.com/,probable,official_domain_match; homepage blocks scripted requests,high,https://www.knfilters.com/search/{sku},confirmed,search_results,manual_user_seed,pending,Confirmed by manual site search flow: search 123 on site and record resulting URL. Existing note: search-template fetch error: HTTP Error 403: Forbidden,
KC HiLiTES,KC HiLiTES,KC-490,https://www.kchilites.com/,probable,search_discovery:ddg,high,https://www.kchilites.com/catalogsearch/result/?q={sku},confirmed,search_results,manual_user_seed,pending,Confirmed by manual site search flow: search 123 on site and record resulting URL. Existing note: search-template fetch error: HTTP Error 403: Forbidden,
KC Turbos,KC Turbos,KC-300365,https://kcturbos.com/,confirmed,direct_homepage_validation,high,https://kcturbos.com/search?q={sku},detected,search_results,jsonld_searchaction_or_html_form,pending,,
Kelderman,Kelderman,KEL-69003,https://kelderman.com/,probable,search_discovery:ddg,high,https://kelderman.com/?s={sku},confirmed,search_results,manual_user_seed,pending,Confirmed manual search route: https://kelderman.com/?s={sku}.,
Kleinn Air Horns,Kleinn Air Horns,KLN-6880,https://kleinn.com/,probable,search_discovery:ddg,medium,https://kleinn.com/pages/search-results-page?q={sku},confirmed,search_results,manual_user_seed,pending,Confirmed by manual site search flow: search 123 on site and record resulting URL. Existing note: search-template fetch error: HTTP Error 429: Too Many Requests,
Kryptonite,Kryptonite Products,KRY-KR175,https://kryptoniteproducts.com/,probable,search_discovery:ddg,high,https://kryptoniteproducts.com/search?q={sku},confirmed,search_results,playwright_search_submit,pending,,
LRB Speed,LRB Speed,LRB-10380,https://lrbspeed.com/,probable,search_discovery:ddg,high,https://lrbspeed.com/?s={sku}&post_type=product,confirmed,search_results,playwright_search_submit,pending,,
Longhorn Fab Shop,Longhorn Fab Shop,LFS-201051,https://longhornfabshop.com/,probable,search_discovery:ddg,high,https://longhornfabshop.com/search.php?search_query={sku},confirmed,search_results,playwright_search_submit,pending,,
MAHLE,MAHLE,MAH-54174,https://www.mahle.com/,probable,search_discovery:ddg,high,https://www.mahle.com/en/search/?q={sku},detected,search_results,jsonld_searchaction_or_html_form,pending,,
MBRP Exhaust,MBRP Exhaust,MBRP-T5156,https://mbrpexhauststore.com/,confirmed,direct_homepage_validation,medium,https://mbrpexhauststore.com/search?q={sku},probed,search_results,common_template_probe_with_playwright,pending,,
MOOG,MOOG,MOG-479,https://www.moog.com/,probable,search_discovery:ddg,medium,https://moog.com/?s={sku},probed,search_results,common_template_probe,pending,,
Mac's Custom Tie Downs,Mac's Custom Tie Downs,MAC-520215,https://www.macscustomtiedowns.com/,probable,search_discovery:ddg,high,https://www.macscustomtiedowns.com/search.aspx?ss={sku},confirmed,search_results,manual_cleanup_from_browser_validation,pending,,
Mag-Hytec,Mag-Hytec,MH-727-D,https://mag-hytec.com/,probable,search_discovery:ddg,high,https://mag-hytec.com/?s={sku},confirmed,search_results,playwright_search_submit,pending,,
MagnaFlow Exhaust,MagnaFlow Exhaust,MF-12775,https://www.magnaflow.com/,probable,search_discovery:ddg,high,https://www.magnaflow.com/search?q={sku},confirmed,search_results,playwright_search_submit,pending,,
Manton Pushrods,Manton Pushrods,MP-D-505-24v,https://mantonpushrods.com/,probable,search_discovery:ddg,high,https://mantonpushrods.com/?s={sku},detected,search_results,jsonld_searchaction_or_html_form,pending,,
MaxTrac Suspension,MaxTrac Suspension,MT-993300,https://maxtracsuspension.com/,probable,search_discovery:ddg,high,https://maxtracsuspension.com/?s={sku},detected,search_results,jsonld_searchaction_or_html_form,pending,,
McGaughy's Suspension Parts,McGaughy's Suspension Parts,MCG-51052,https://mcgaughys.com/products-home-page/,probable,search_discovery:ddg,high,https://mcgaughys.com/?s={sku},detected,search_results,jsonld_searchaction_or_html_form,pending,,
Mean Green,Mean Green,MEAN-MG7892,https://mean-green-cleaner.com/,probable,search_discovery:ddg,high,https://mean-green-cleaner.com/?s={sku},detected,search_results,jsonld_searchaction_or_html_form,pending,,
Mechman Alternators,Mechman Alternators,MECH-7796240,https://www.mechman.com/,probable,search_discovery:ddg,high,https://www.mechman.com/search.php?search_query={sku},confirmed,search_results,playwright_search_submit,pending,,
Mel's Manufacturing,Mel's Manufacturing,MEL-6185,https://www.melsmfg.com/,confirmed,search_result_official_domain_plus_direct_homepage_validation,high,https://www.melsmfg.com/search?q={sku},detected,search_results,jsonld_searchaction_or_html_form,pending,.com tld; vendor key present in result text; deep path candidate,
Merchant Automotive,Merchant Automotive,MA-10813,https://www.merchant-automotive.com/,probable,search_discovery:ddg,high,https://www.merchant-automotive.com/shop/?search_query={sku},confirmed,search_results,playwright_search_submit,pending,,
Method Race Wheels,Method Race Wheels,MRW-MR301785,https://www.methodracewheels.com/,confirmed,direct_homepage_validation,high,https://www.methodracewheels.com/search?q={sku},confirmed,search_results,playwright_search_submit,pending,,
Mevotech,Mevotech,MT-MK7467,https://www.mevotech.com/,probable,search_discovery:ddg,high,https://www.mevotech.com/?s={sku},detected,search_results,jsonld_searchaction_or_html_form,pending,,
Mile Marker,Mile Marker,MM-19-00105,https://www.milemarker.com/pages/about-us,probable,search_discovery:ddg,high,,unresolved,,,pending,Bot challenge page,
Mishimoto,Mishimoto,MISH-R1553,https://www.mishimoto.com/,confirmed,direct_homepage_validation,high,https://www.mishimoto.com/catalogsearch/result/?q={sku},detected,search_results,jsonld_searchaction_or_html_form,pending,,
Mob Armor,Mob Armor,MOBM2-BLK-LG,https://www.mobarmor.com/,probable,search_discovery:ddg,high,https://www.mobarmor.com/search?q={sku},detected,search_results,jsonld_searchaction_or_html_form,pending,,
Mopar | Factory OEM Dodge Ram,Mopar | Factory OEM Dodge Ram,MOP-52087514,https://www.mopar.com/en-us.html,probable,official_domain_match; homepage blocks scripted requests,high,https://www.mopar.com/en-us/search/results.html?search={sku},confirmed,search_results,manual_user_seed,pending,Confirmed by manual site search flow: search 123 on site and record resulting URL. Existing note: search-template fetch error: HTTP Error 403: Forbidden,
Morimoto,Morimoto,MOR-LF553,https://www.morimotohid.com/,confirmed,search_result_official_domain_plus_direct_homepage_validation,high,https://morimotohid.com/search?q={sku},probed,search_results,common_template_probe_with_playwright,pending,,
N-FAB,N-FAB,NFAB-F171MRDS,https://nfabco.com/,probable,search_discovery:ddg,medium,https://nfabco.com/?s={sku},detected,search_results,jsonld_searchaction_or_html_form,pending,,
NAPA Filters,NAPA Filters,NAPA-3408,https://napa-filters.com/filter-lookup,probable,search_discovery:ddg,high,,unresolved,,,pending,No visible search input found,
NOS Nitrous Oxide Systems,NOS Nitrous Oxide Systems,NOS-02521NOS,https://www.noswizard.com/,probable,search_discovery:ddg,high,https://www.noswizard.com/catalogsearch/result/?q={sku},confirmed,search_results,playwright_search_submit,pending,,
NRS Galvanized Brakes,NRS Galvanized Brakes,NRS-NS909,https://nrsbrakes.com/,probable,search_discovery:ddg,high,https://nrsbrakes.com/search?q={sku},detected,search_results,jsonld_searchaction_or_html_form_with_playwright,pending,,
Nemesis Industries,Nemesis Industries,NEM-121840,https://nem-ind.com/,probable,search_discovery:ddg,high,https://nem-ind.com/catalogsearch/result/?q={sku},detected,search_results,jsonld_searchaction_or_html_form,pending,,
Nitro Gear & Axle,Nitro Gear & Axle,AEV-NRM43400AA,https://www.nitro-gear.com/,probable,official_domain_match (ssl issue in scripted validation),medium,,unresolved,,,pending,search-template fetch error: <urlopen error [SSL: CERTIFICATE_VERIFY_FAILED] certificate verify failed: unable to get local issuer certificate (_ssl.c:1129)>,
Nitrous Express,Nitrous Express,NX-D1000,https://www.nitrousexpress.com/,probable,search_discovery:ddg,high,https://www.nitrousexpress.com/search.asp?search_prod={sku},confirmed,search_results,playwright_search_submit,pending,,
No Limit Fabrication,No Limit Fabrication,NL-67OP,https://nolimitfabrication.com/,confirmed,direct_homepage_validation,medium,https://nolimitfabrication.com/search.html?q={sku},confirmed,search_results,manual_results_page_clickthrough,pending,"Validated against the live Partslogic storefront. The homepage widget uses input#sui-search-bar-input inside #pl-search-bar-container, but the stronger runtime path is direct GET /search.html?q={sku}. That results page returns /i-... product links for queries like 67OP, so treat it as a results-page clickthrough resolver rather than a popup-only search.",
OLM Lighting,OLM Lighting,OLM-OLME.16016.1,https://olm.com/,confirmed,search_result_official_domain_plus_direct_homepage_validation,high,https://olm.com/search?q={sku},confirmed,search_results,playwright_search_submit,pending,,
Oracle Lighting,Oracle Lighting,ORA-5865-504,http://oraclelighting.channelsync.com/,probable,search_discovery:ddg,high,https://www.oraclelights.com/search?q={sku},confirmed,search_results,manual_user_seed,pending,Confirmed manual search route: https://www.oraclelights.com/search?q={sku}.,
Paramount Automotive,Paramount Automotive,,https://www.paramountauto.com/about/,probable,search_discovery:ddg,high,,unresolved,,,pending,search-template fetch error: HTTP Error 403: Forbidden,
PMF Suspension,PMF Suspension,PMF-FRD-5004,https://www.pmfsuspension.com/,confirmed,direct_homepage_validation,high,https://www.pmfsuspension.com/search.asp?keyword={sku},confirmed,search_results,manual_results_page_clickthrough,pending,"Known results-page search route; direct fetch is currently blocked here by Cloudflare 403, but first result is typically the target product.",
PML Covers,PML Covers,PML-9393-B,https://pmlgarage.com/,probable,search_discovery:ddg,medium,https://yourcovers.com/search.html?Search={sku},confirmed,search_results,manual_user_seed_cross_domain,pending,Confirmed manual search route on vendor domain: https://yourcovers.com/search.html?Search={sku}.,
PPE (Pacific Performance Eng.),PPE (Pacific Performance Eng.),PPE-1110100,https://ppepower.com/,confirmed,direct_homepage_validation,high,https://ppepower.com/search?type=product%2Cpage%2Carticle%2Ccollection&options%5Bunavailable_products%5D=show&options%5Bprefix%5D=last&q={sku},confirmed,search_results,playwright_search_submit,pending,,
"PPEI | Power Performance Enterprises, Inc | EFILive by Kory Willis","PPEI | Power Performance Enterprises, Inc | EFILive by Kory Willis",PPEI-EZLYNK30-LML,https://ppei.com/,probable,search_discovery:ddg,medium,https://ppei.com/search?q={sku},detected,search_results,jsonld_searchaction_or_html_form_with_playwright,pending,,
PROJECT X,PROJECT X,PX-AC538806-1,https://projectxoffroad.com/,probable,search_result_official_domain_match,high,https://projectxoffroad.com/search?q={sku},detected,search_results,jsonld_searchaction_or_html_form_with_playwright,pending,,
PSC,PSC Performance Steering Components,PSC-SG851,https://www.pscsteering.com/,probable,search_discovery:ddg,high,https://www.pscsteering.com/search?q={sku},detected,search_results,jsonld_searchaction_or_html_form_with_playwright,pending,,
PacBrake,PacBrake,PB-C11342,https://pacbrake.com/,confirmed,direct_homepage_validation,high,https://pacbrake.com/search.html?Search={sku},confirmed,search_results,playwright_search_submit,pending,,
Performance Diesel Inc.,Performance Diesel Inc.,PDI-3466CR,https://pdidiesel.com/,confirmed,search_result_official_domain_plus_direct_homepage_validation,high,https://pdidiesel.com/search?q={sku},detected,search_results,jsonld_searchaction_or_html_form,pending,.com tld; vendor key present in result text; root path,
Power Driven Diesel,Power Driven Diesel,PDD-RIT0001,https://powerdriven.com/,probable,search_discovery:ddg,high,https://powerdriven.com/pages/search?query={sku},confirmed,search_results,manual_user_confirmed_existing_vendor_search,pending,User previously confirmed Power Driven Diesel search route: https://powerdriven.com/pages/search?query={sku}.,
Power Products Unlimited,Power Products Unlimited,PPU-ARBCOMPMOUNT,https://powerproductsunlimited.com/,probable,search_discovery:ddg,high,https://powerproductsunlimited.com/?s={sku},detected,search_results,jsonld_searchaction_or_html_form,pending,,
Power Stroke Products,Power Stroke Products,PSP-PP-SS-12V,https://powerstrokeproducts.com/,probable,search_discovery:ddg,high,https://powerstrokeproducts.com/?s={sku},detected,search_results,jsonld_searchaction_or_html_form,pending,,
PowerStop,PowerStop,PSB-SW-1218,https://www.powerstop.com/about-us/,probable,search_discovery:ddg,high,https://www.powerstop.com/?s={sku},detected,search_results,jsonld_searchaction_or_html_form,pending,,
Powermaster Performance Starters and Alternators,Powermaster Performance Starters and Alternators,PM-7767,https://www.powermasterperformance.com/about-us,probable,search_discovery:ddg,high,https://www.powermasterperformance.com/catalogsearch/result/index/?q={sku},detected,search_results,jsonld_searchaction_or_html_form,pending,,
Pro Eagle Floor Jacks,Pro Eagle Floor Jacks,PE-EXT8,https://www.proeagle.com/,probable,search_discovery:ddg,high,https://www.proeagle.com/search?q={sku},detected,search_results,jsonld_searchaction_or_html_form,pending,,
ProActive Gears,ProActive Gears,PAG-21966,https://www.proactivegears.com/,probable,search_discovery:ddg,high,https://www.proactivegears.com/searchresults.asp?Search={sku}&Submit=,confirmed,search_results,playwright_search_submit,pending,,
Proforged,Proforged Steering & Suspension,PROF-104-10966,https://proforged.com/,probable,search_discovery:ddg,high,https://proforged.com/search/?query={sku},confirmed,search_results,manual_user_seed,pending,Confirmed by manual site search flow: search 123 on site and record resulting URL. Existing note: search-template fetch error: HTTP Error 403: Forbidden,
Prothane,Prothane,PRTH-7-141,https://prothane.com/,probable,search_discovery:ddg,high,https://prothane.com/?post_type=product&product_cat=&s={sku},confirmed,search_results,playwright_search_submit,pending,,
PureDPF,PureDPF,PDPF-P-DPF-44003,https://www.puredpf.com/,probable,search_discovery:ddg,high,https://www.puredpf.com/search?q={sku},detected,search_results,jsonld_searchaction_or_html_form,pending,,
PurePower,PurePower,PP-7782-PP,http://www.purepoweraps.com/,probable,search_discovery:ddg,high,https://purepowertechnologies.com/?s={sku},confirmed,search_results,manual_user_seed,pending,Confirmed manual search route: https://purepowertechnologies.com/?s={sku}.,
Putco Truck Accessories,Putco Truck Accessories,PUT-92801,https://www.putco.com/,probable,search_discovery:ddg,medium,https://www.putco.com/?s={sku},confirmed,search_results,playwright_search_submit,pending,,
RECON Lighting,RECON Lighting,REC-26413,https://gorecon.com/,probable,search_discovery:ddg,medium,https://gorecon.com/search?q={sku},detected,search_results,jsonld_searchaction_or_html_form_with_playwright,pending,,
Race Sport Lighting,Race Sport Lighting,RSL-9FT3PE,https://www.racesportinc.com/,probable,search_discovery:ddg,high,https://www.racesportinc.com/catalogsearch/result/index/?q={sku},detected,search_results,jsonld_searchaction_or_html_form,pending,,
Racor,Racor,RAC-RK4616,https://racorstore.com/,probable,search_discovery:ddg,high,https://racorstore.com/search?q={sku},confirmed,search_results,playwright_search_submit,pending,,
Ranch Hand,Ranch Hand,RNH-BBD948BLS,https://www.ranchhandbumpershop.com/about-us/,probable,search_discovery:ddg,high,,unresolved,,,pending,search-template fetch error: HTTP Error 500: Internal Server Error,
Rancho,Rancho,RAN-RS5419,https://www.gorancho.com/,probable,search_discovery:ddg,high,https://www.gorancho.com/search?q={sku}&options%5Bprefix%5D=last&type=product,confirmed,search_results,playwright_search_submit,pending,,
Rare Parts Steering and Suspension,Rare Parts Steering and Suspension,RP20610,https://www.rareparts.com/,probable,search_discovery:ddg,high,https://rareparts.com/search?q={sku},probed,search_results,common_template_probe,pending,,
ReadyLIFT Suspension,ReadyLIFT Suspension,RL-69-4630,https://www.readylift.com/,confirmed,direct_homepage_validation,high,https://www.readylift.com/catalogsearch/result/?cat=2&q={sku},confirmed,search_results,playwright_search_submit,pending,,
Realtruck Superlift Suspension,RealTruck SuperLift Suspension,RT-146,https://realtruck.com/b/superlift/,confirmed,direct_homepage_validation_via_superlift_redirect,medium,https://realtruck.com/search/?q={sku},detected,search_results,jsonld_searchaction_or_html_form,pending,,
Red-Head Steering Gears Inc.,Red-Head Steering Gears Inc.,RH-2773,https://redheadsteeringgears.com/,confirmed,direct_homepage_validation,high,https://redheadsteeringgears.com/search?q={sku},probed,search_results,common_template_probe,pending,,
"Reid Racing, Inc.","Reid Racing, Inc.",REID-D60005-2,https://www.reidracing.com/,probable,search_result_official_domain_match,high,https://www.reidracing.com/search?q={sku},detected,search_results,jsonld_searchaction_or_html_form,pending,,
RetroBright LED,RetroBright LED,RB-LFRB130,https://www.holley.com/brands/holley_retrobright/,probable,search_result_official_brand_page,high,https://www.holley.com/search/?q={sku},confirmed,search_results,manual_parent_brand_holley_search,pending,RetroBright LED uses Holley search. Confirmed manual search route: https://www.holley.com/search/?q={sku}.,
Rev-X Oil & Fuel Additive,Rev-X Oil & Fuel Additive,Rev-X-0400,https://revxoil.com/,confirmed,direct_homepage_validation,high,https://revxoil.com/?s={sku},detected,search_results,jsonld_searchaction_or_html_form,pending,,
RevMax Converters,RevMax Converters,REVM-478-311,https://www.revmaxconverters.com/,probable,search_result_official_domain; homepage blocks scripted requests,high,https://revmaxconverters.com/?s={sku},probed,search_results,common_template_probe,pending,,
Revolution Gear & Axle,Revolution Gear & Axle,D70-373,https://revolutiongear.com/,confirmed,direct_homepage_validation,high,https://revolutiongear.com/search.php?search_query={sku},detected,search_results,jsonld_searchaction_or_html_form,pending,,
Rigid Industries,Rigid Industries,RIGID-40200,https://www.rigidindustries.com/,confirmed,direct_homepage_validation,high,https://www.rigidindustries.com/catalogsearch/result/index/?q={sku},detected,search_results,jsonld_searchaction_or_html_form,pending,,
River City Turbo,River City Turbo,RCT-GM-3,https://rivercityturbo.com/,no_site,direct_homepage_validation,high,,unresolved,,manual_no_searchable_vendor_site,pending,User confirmed there is no searchable vendor website. Existing homepage is an under-construction brochure site only.,
Rock Krawler,Rock Krawler,RK-RK02542,https://rockkrawler.com/,confirmed,direct_homepage_validation,high,https://rockkrawler.com/search.php?search_query={sku},confirmed,search_results,playwright_search_submit,pending,,
Rock Slide Engineering,Rock Slide Engineering,RSE-RS-910,https://rockslideengineering.com/,confirmed,direct_homepage_validation,high,https://rockslideengineering.com/?s={sku},detected,search_results,jsonld_searchaction_or_html_form,pending,,
Rock Tamers Mud Flaps,Rock Tamers Mud Flaps,RT-00108,https://rocktamers.com/,confirmed,direct_homepage_validation,high,https://rocktamers.com/?s={sku},detected,search_results,jsonld_searchaction_or_html_form,pending,,
RockJock,RockJock,RJ-CE-9114,https://www.rockjock4x4.com/,confirmed,direct_homepage_validation,high,https://www.rockjock4x4.com/search?keywords={sku},confirmed,search_results,playwright_search_submit,pending,,
RokBlokz,RokBlokz Mud Flaps,RKB-F17SRW-BK-BK,https://rokblokz.com/,confirmed,direct_homepage_validation,high,https://rokblokz.com/search?q={sku},confirmed,search_results,playwright_search_submit,pending,,
Rotomaster,Rotomaster,ROT-H1350212N,https://rotomaster.com/,confirmed,direct_homepage_validation,high,https://rotomaster.com/search.php?search_query={sku},probed,search_results,common_template_probe,pending,,
Royalty Core,Royalty Core,RC-15966,https://www.royaltycore.com/,confirmed,direct_homepage_validation,high,https://www.royaltycore.com/search.html?q={sku},confirmed,search_results,manual_html_form_discovery,pending,"Validated from https://www.royaltycore.com/search-2.html. Site exposes a GET form action https://www.royaltycore.com/search.html with input name q, producing results URLs like https://www.royaltycore.com/search.html?q={sku}.",
S&B,S&B,SB-832018,https://sbfilters.com/,confirmed,direct_homepage_validation,high,https://sbfilters.com/pages/search?query={sku},confirmed,search_results,manual_user_seed,pending,Confirmed manual search URL from site search UI. Existing note: search-template fetch error: HTTP Error 429: Too Many Requests,
S&S Diesel Motorsport,S&S Diesel Motorsport,SSDM-67F-DCR-1,https://ssdiesel.com/,confirmed,direct_homepage_validation,high,https://ssdiesel.com/?s={sku},confirmed,search_results,manual_wordpress_search_validation,pending,,
SCT,SCT,SCT-9817,https://sctflash.com/,confirmed,direct_homepage_validation,high,https://sctflash.com/?s={sku},detected,search_results,jsonld_searchaction_or_html_form,pending,,
SDHQ Off Road,SDHQ Off Road,SDHQ-10-1131-G4,https://sdhqoffroad.com/,confirmed,direct_homepage_validation,high,https://sdhqoffroad.com/search?q={sku},detected,search_results,jsonld_searchaction_or_html_form,pending,,
SSBC-USA,SSBC-USA,SSBC-10126,https://ssbc-usa.com/,confirmed,direct_homepage_validation,high,https://ssbc-usa.com/search?type=product&q={sku},confirmed,search_results,playwright_search_submit,pending,,
Schaeffer's Lubricants,Schaeffer's Lubricants,SL-0219,https://www.schaefferoil.com/,confirmed,direct_homepage_validation,high,https://schaefferoil.com/search?q={sku},probed,search_results,common_template_probe,pending,,
Silverline Exhaust,Silverline Exhaust,SLV-UDM1,https://www.ansaautomotive.com/,probable,best_parent_brand_site_candidate; vendor-specific site not resolved,low,,unresolved,,,pending,"search-template fetch error: <urlopen error [Errno 8] nodename nor servname provided, or not known>",
Sinister Diesel,Sinister Diesel,SD-OC-6.0,https://sinisterdiesel.com/,confirmed,direct_homepage_validation,medium,https://sinisterdiesel.com/shop?Search={sku},confirmed,search_results,manual_form_action_validation,pending,,
Skyjacker Suspension,Skyjacker Suspension,SKY-D25,https://skyjacker.com/,confirmed,direct_homepage_validation,high,https://skyjacker.com/?s={sku},detected,search_results,jsonld_searchaction_or_html_form_with_playwright,pending,,
Smarty by MADS Electronics,Smarty by MADS Electronics,ME-J-06,https://madselectronics.com/,no_site,direct_homepage_validation,medium,,unresolved,,manual_no_searchable_vendor_site,pending,User confirmed there is no searchable vendor website. madselectronics.com redirects away and does not expose a usable vendor search path.,
Smeding Diesel,Smeding Diesel,SME-C6762EDRT,https://www.smedingdiesel.com/,confirmed,direct_homepage_validation,high,https://www.smedingdiesel.com/search?q={sku}&options%5Bprefix%5D=last,confirmed,search_results,playwright_search_submit,pending,,
Snow Performance,Snow Performance,SP-430,https://www.snowperformance.net/,confirmed,direct_homepage_validation_via_brand_redirect,medium,https://www.nitrousexpress.com/search.asp?search_prod={sku},confirmed,search_results,playwright_search_submit,pending,,
Snyder Performance Engineering,Snyder Performance Engineering,SPE-67HTFK,https://www.spemotorsport.com/,confirmed,direct_homepage_validation,high,https://www.spemotorsport.com/search?q={sku},confirmed,search_results,playwright_search_submit,pending,,
SoCal SuperTrucks,SoCal SuperTrucks,SS-200215,https://socalsupertrucks.com/,confirmed,direct_homepage_validation,high,https://socalsupertrucks.com/search.php?search_query={sku},confirmed,search_results,playwright_search_submit,pending,,
South Bend Clutch,South Bend Clutch,SBC-0090,https://southbendclutch.com/,confirmed,direct_homepage_validation,high,https://southbendclutch.com/search?q={sku},confirmed,search_results,playwright_search_submit,pending,,
Sprint Booster,Sprint Booster,SBDO1003S,https://www.sprintboosterusa.com/,confirmed,direct_homepage_validation,high,https://www.sprintboosterusa.com/?s={sku},detected,search_results,jsonld_searchaction_or_html_form,pending,,
SpynTec Industries,SpynTec Industries,SAST-D09S,https://spyntec.com/,confirmed,direct_homepage_validation,high,https://spyntec.com/?s={sku},confirmed,search_results,manual_wordpress_search_validation,pending,,
SteerSmarts,SteerSmarts,SS-714001,https://steersmarts.com/,confirmed,direct_homepage_validation,high,https://steersmarts.com/search?q={sku},detected,search_results,jsonld_searchaction_or_html_form,pending,,
Street Performance,Street Performance,SP-PD805,https://street-performance.com/,probable,search_result_official_domain_match,medium,,unresolved,,,pending,Unknown page type,
sPOD,sPOD Switch Pods,,https://www.4x4spod.com/,confirmed,search_result_official_domain_plus_direct_homepage_validation,high,https://4x4spod.com/?s={sku},detected,search_results,jsonld_searchaction_or_html_form,pending,,
Sulastic Rubber Springs,Sulastic Rubber Springs,SUL-SC-15,https://sulastic.com/en/,confirmed,direct_homepage_validation,high,https://sulastic.com/en/search?q={sku},confirmed,search_results,playwright_search_submit,pending,,
SunCoast Performance,SunCoast Performance,SC-68-1,https://suncoastdiesel.com/,confirmed,direct_homepage_validation,medium,https://suncoastdiesel.com/search-diesel.html?orientation=vertical&q={sku},confirmed,search_results,manual_user_seed,pending,Confirmed manual search URL from site search UI. Existing note: No visible search input found,
SuperSprings,SuperSprings,SS-SSA22,https://superspringsinternational.com/,confirmed,direct_homepage_validation,high,https://superspringsinternational.com/?s={sku}&id=5023383376,confirmed,search_results,playwright_search_submit,pending,,
Superchips,Superchips,SC-1545,https://superchips.com/,probable,brand_domain_redirect_to_holley_brand_page,high,https://www.holley.com/search/?q={sku},confirmed,search_results,inferred_parent_brand_holley_search,pending,Inferred from live browser redirect: superchips.com resolves onto a Holley-hosted brand page. Using Holley search route https://www.holley.com/search/?q={sku}.,
Suspension MAXX,Suspension MAXX,SMX-2535,https://suspensionmaxx.com/,confirmed,direct_homepage_validation,high,https://suspensionmaxx.com/catalog?search_api_fulltext={sku},confirmed,search_results,playwright_search_submit,pending,,
Switch-Pros,Switch-Pros,SP-SP9100BEZEL,https://www.switchpros.com/,confirmed,direct_homepage_validation,high,https://www.switchpros.com/?s={sku},detected,search_results,jsonld_searchaction_or_html_form_with_playwright,pending,,
Synapse Auto,Synapse Auto,SYNA-S79-L5P1,https://synapseauto.com/,probable,search_result_official_domain_match,high,https://synapseauto.com/filterSearch?advs=true&cid=0&mid=0&vid=0&q={sku}&sid=true&isc=true&orderBy=0,confirmed,search_results,playwright_search_submit,pending,,
Synergy Manufacturing,Synergy Manufacturing,SYN-8581,https://www.synergymfg.com/,confirmed,direct_homepage_validation,high,https://www.synergymfg.com/?target=search&mode=search&substring={sku},confirmed,search_results,playwright_search_submit,pending,,
T-Rex Grilles,T-Rex Grilles,TREX-51211,https://trexbillet.com/,confirmed,direct_homepage_validation,high,https://trexbillet.com/search.html?q={sku},confirmed,search_results,manual_bigcommerce_form_validation,pending,Browser-validated search route; direct HTTP may hit human verification/405.,
TS Performance,TS Performance,TS-1290301,https://www.tsperformanceofficial.com/,confirmed,direct_homepage_validation_via_brand_redirect,medium,/search?q={sku},detected,search_results,jsonld_searchaction_or_html_form,pending,,
Tekonsha,Tekonsha,TEK-9030,https://www.tekonsha.com/,confirmed,direct_homepage_validation,high,,unresolved,,manual_post_search_endpoint,pending,Site search submits POST /api/ue/AddSiteVisitorSearchResults then lands on GET /SearchResults; autocomplete endpoint GET /Api/Search/GetProdAutocomplete?value={sku}&cat=all.,
Timbren,Timbren,TB-DR250,https://timbren.com/,confirmed,direct_homepage_validation,high,https://timbren.com/search?q={sku},detected,search_results,jsonld_searchaction_or_html_form,pending,,
Toolbox Widget,Toolbox Widget,TBW-VW15,https://toolboxwidget.com/,confirmed,direct_homepage_validation,high,https://toolboxwidget.com/search?q={sku}&options%5Bprefix%5D=last,confirmed,search_results,playwright_search_submit,pending,,
Tork Teknology,Tork Teknology,DPP-BBS010,https://www.torkteknology.com/,confirmed,direct_homepage_validation,high,https://www.torkteknology.com/search.php?search_query={sku},confirmed,search_results,playwright_search_submit,pending,,
Total Seal Piston Rings,Total Seal Piston Rings,TSPR-S4194,https://www.totalseal.com/,confirmed,direct_homepage_validation,high,https://totalseal.com/search?query={sku},probed,search_results,common_template_probe,pending,,
Trigger Wireless Accessory Controller,Trigger Wireless Accessory Controller,AAC-2100,https://triggercontroller.com/,confirmed,direct_homepage_validation,high,https://triggercontroller.com/?s={sku},confirmed,search_results,playwright_search_submit,pending,,
Tuffy Security,Tuffy Security,TFY-354-01,https://tuffyproducts.com/,confirmed,direct_homepage_validation,high,https://tuffyproducts.com/?s={sku},detected,search_results,jsonld_searchaction_or_html_form,pending,,
Turbo Time USA,Turbo Time USA,TTP-LB-VGT-60,https://turbotimeusa.com/,confirmed,direct_homepage_validation,high,https://turbotimeusa.com/search?type=product%2Carticle%2Cpage&q={sku},confirmed,search_results,playwright_search_submit,pending,,
Turbosmart,Turbosmart,TS-0304-1002,https://www.turbosmart.com/,confirmed,direct_homepage_validation,high,https://www.turbosmart.com/?s={sku},detected,search_results,jsonld_searchaction_or_html_form,pending,,
USA Standard Gear,USA Standard Gear,USG-ZSG7616,https://www.usastandardgear.com/,confirmed,direct_homepage_validation,high,https://www.usastandardgear.com/search?q={sku},detected,search_results,jsonld_searchaction_or_html_form,pending,,
Valair Clutch,Valair Clutch,V-2130,https://valairinc.com/,confirmed,direct_homepage_validation,high,https://valairinc.com/?s={sku},probed,search_results,common_template_probe,pending,,
Volant,Volant,VOL-35066,https://volant.com/,confirmed,direct_homepage_validation,high,https://volant.com/search?q={sku},confirmed,search_results,playwright_search_submit,pending,,
Warn,BorgWarner,WARN-17801,https://www.warn.com/,probable,official_domain_match; homepage blocks scripted requests,high,https://warn.com/search?q={sku},probed,search_results,common_template_probe,pending,,
WeatherTech,WeatherTech,WT-440612,https://www.weathertech.com/,probable,exact_brand_domain_match; homepage blocks script (403),high,,unresolved,,,pending,search-template fetch error: HTTP Error 403: Forbidden,
Wehrli Custom Fabrication,Wehrli Custom Fabrication,WCF-WCF100165-GB,https://www.wcfab.com/,confirmed,direct_homepage_validation,high,https://www.wcfab.com/search.html?q={sku},confirmed,search_results,manual_bigcommerce_form_validation,pending,Browser-validated search route; direct HTTP may hit human verification/405.,
Weigh Safe,Weigh Safe,WSF-WS05,https://www.weigh-safe.com/,confirmed,direct_homepage_validation,high,https://www.weigh-safe.com/?s={sku},detected,search_results,jsonld_searchaction_or_html_form,pending,,
Westin,Westin Automotive Products,WES-21-1315,https://www.westinautomotive.com/,probable,official_domain_match; homepage returns bot challenge to script,high,https://westinautomotive.com/search?q={sku},probed,search_results,common_template_probe,pending,,
"Wilwood Engineering, Inc.","Wilwood Engineering, Inc.",WIL-220-9811,https://wilwood.com/,confirmed,direct_homepage_validation,high,https://wilwood.com/Search/PartNoSearch?q={sku},confirmed,search_results,playwright_search_submit,pending,,
XDP,XDP,XDP-XD200,https://www.xtremediesel.com/,probable,exact_brand_domain_match; homepage blocks script (403),high,https://www.xtremediesel.com/xtreme-diesel-performance-xdp-search?q={sku},confirmed,search_results,manual_user_seed_xdp_bot_sensitive,pending,Confirmed manual search route: https://www.xtremediesel.com/xtreme-diesel-performance-xdp-search?q={sku}. XDP is bot-sensitive; prefer schema lookup and the existing anti-bot handling where possible.,
XS Power,XS Power,XS-580,https://4xspower.com/,confirmed,direct_homepage_validation,medium,https://4xspower.com/search?q={sku},confirmed,search_results,manual_shopify_search_validation,pending,Search route validated; sample SKU returned a no-results page.,
Yukon Gear & Axle,Yukon Gear & Axle,YUK-YGK058,https://www.yukongear.com/,confirmed,direct_homepage_validation,high,https://www.yukongear.com/search?q={sku},detected,search_results,jsonld_searchaction_or_html_form,pending,,
ZROADZ,ZROADZ,ZRZ-Z325472,https://zroadz.com/,confirmed,direct_homepage_validation,high,https://zroadz.com/search.html?q={sku},confirmed,search_results,manual_bigcommerce_form_validation,pending,Browser-validated search route; sample SKU returned a no-results page.,
Zone Offroad Suspension,Zone Offroad Suspension,ZON-D9,https://zoneoffroad.com/,confirmed,direct_homepage_validation,high,https://zoneoffroad.com/search?q={sku},detected,search_results,jsonld_searchaction_or_html_form,pending,,
Zumbrota Drivetrain,Zumbrota Drivetrain,ZUM-RTC241DHD-7,https://www.zumbrotadrivetrain.com/,confirmed,direct_homepage_validation,high,https://www.zumbrotadrivetrain.com/search?q={sku},detected,search_results,jsonld_searchaction_or_html_form,pending,,
